"","year","state","party_simplified","candidatevotes","totalvotes"
"1",1976,"ARIZONA","REPUBLICAN",321236,741210
"2",1976,"ARIZONA","DEMOCRAT",400334,741210
"3",1976,"CALIFORNIA","REPUBLICAN",3748973,7470586
"4",1976,"CALIFORNIA","DEMOCRAT",3502862,7470586
"5",1976,"CONNECTICUT","REPUBLICAN",785683,1361666
"6",1976,"CONNECTICUT","DEMOCRAT",561018,1361666
"7",1976,"DELAWARE","DEMOCRAT",98042,224795
"8",1976,"DELAWARE","REPUBLICAN",125454,224795
"9",1976,"FLORIDA","DEMOCRAT",1799518,2857534
"10",1976,"FLORIDA","REPUBLICAN",1057886,2857534
"11",1976,"HAWAII","DEMOCRAT",162305,302092
"12",1976,"HAWAII","REPUBLICAN",122724,302092
"13",1976,"INDIANA","REPUBLICAN",1275833,2161187
"14",1976,"INDIANA","DEMOCRAT",868522,2161187
"15",1976,"MAINE","REPUBLICAN",193489,486193
"16",1976,"MAINE","DEMOCRAT",292704,486193
"17",1976,"MARYLAND","REPUBLICAN",530439,1365290
"18",1976,"MARYLAND","DEMOCRAT",772101,1365290
"19",1976,"MASSACHUSETTS","REPUBLICAN",722641,2491255
"20",1976,"MASSACHUSETTS","DEMOCRAT",1726657,2491255
"21",1976,"MICHIGAN","REPUBLICAN",1635087,3490412
"22",1976,"MICHIGAN","DEMOCRAT",1831031,3490412
"23",1976,"MINNESOTA","REPUBLICAN",478602,1912020
"24",1976,"MINNESOTA","DEMOCRAT",1290736,1912020
"25",1976,"MISSISSIPPI","DEMOCRAT",554433,554433
"26",1976,"MISSOURI","REPUBLICAN",1090067,1914460
"27",1976,"MISSOURI","DEMOCRAT",813571,1914460
"28",1976,"MONTANA","REPUBLICAN",115213,321445
"29",1976,"MONTANA","DEMOCRAT",206232,321445
"30",1976,"NEBRASKA","REPUBLICAN",279284,593310
"31",1976,"NEBRASKA","DEMOCRAT",313805,593310
"32",1976,"NEVADA","REPUBLICAN",63471,201899
"33",1976,"NEVADA","DEMOCRAT",127214,201899
"34",1976,"NEW JERSEY","DEMOCRAT",1681140,2771390
"35",1976,"NEW JERSEY","REPUBLICAN",1054508,2771390
"36",1976,"NEW MEXICO","DEMOCRAT",176382,413056
"37",1976,"NEW MEXICO","REPUBLICAN",234681,413056
"38",1976,"NEW YORK","REPUBLICAN",2525139,6666875
"39",1976,"NEW YORK","DEMOCRAT",3238511,6666875
"40",1976,"NORTH DAKOTA","REPUBLICAN",103466,283062
"41",1976,"NORTH DAKOTA","DEMOCRAT",175772,283062
"42",1976,"OHIO","DEMOCRAT",1941113,3920613
"43",1976,"OHIO","REPUBLICAN",1823774,3920613
"44",1976,"PENNSYLVANIA","REPUBLICAN",2381891,4546353
"45",1976,"PENNSYLVANIA","DEMOCRAT",2126977,4546353
"46",1976,"RHODE ISLAND","DEMOCRAT",167665,398906
"47",1976,"RHODE ISLAND","REPUBLICAN",230329,398906
"48",1976,"TENNESSEE","DEMOCRAT",751180,1432046
"49",1976,"TENNESSEE","REPUBLICAN",673231,1432046
"50",1976,"TEXAS","REPUBLICAN",1636370,3874230
"51",1976,"TEXAS","DEMOCRAT",2199956,3874230
"52",1976,"UTAH","REPUBLICAN",290221,522108
"53",1976,"UTAH","DEMOCRAT",223948,522108
"54",1976,"VERMONT","REPUBLICAN",94481,189060
"55",1976,"VERMONT","DEMOCRAT",85682,189060
"56",1976,"VIRGINIA","DEMOCRAT",596009,1557500
"57",1976,"WASHINGTON","DEMOCRAT",1071219,1491111
"58",1976,"WASHINGTON","REPUBLICAN",361546,1491111
"59",1976,"WEST VIRGINIA","DEMOCRAT",566359,566359
"60",1976,"WISCONSIN","DEMOCRAT",1396970,1935183
"61",1976,"WISCONSIN","REPUBLICAN",521902,1935183
"62",1976,"WYOMING","DEMOCRAT",70558,155368
"63",1976,"WYOMING","REPUBLICAN",84810,155368
"64",1978,"ALABAMA","DEMOCRAT",547054,582005
"65",1978,"ALASKA","DEMOCRAT",29574,122741
"66",1978,"ALASKA","REPUBLICAN",92783,122741
"67",1978,"ARKANSAS","DEMOCRAT",395506,517138
"68",1978,"ARKANSAS","REPUBLICAN",84308,517138
"69",1978,"COLORADO","DEMOCRAT",330148,819256
"70",1978,"COLORADO","REPUBLICAN",480801,819256
"71",1978,"DELAWARE","DEMOCRAT",93930,162072
"72",1978,"DELAWARE","REPUBLICAN",66479,162072
"73",1978,"GEORGIA","REPUBLICAN",108808,645128
"74",1978,"GEORGIA","DEMOCRAT",536320,645128
"75",1978,"IDAHO","DEMOCRAT",89635,284047
"76",1978,"IDAHO","REPUBLICAN",194412,284047
"77",1978,"ILLINOIS","DEMOCRAT",1448187,3184764
"78",1978,"ILLINOIS","REPUBLICAN",1698711,3184764
"79",1978,"IOWA","REPUBLICAN",421598,824576
"80",1978,"IOWA","DEMOCRAT",395066,824576
"81",1978,"KANSAS","REPUBLICAN",403354,748839
"82",1978,"KANSAS","DEMOCRAT",317602,748839
"83",1978,"KENTUCKY","DEMOCRAT",290730,476783
"84",1978,"KENTUCKY","REPUBLICAN",175766,476783
"85",1978,"LOUISIANA","DEMOCRAT",1,1
"86",1978,"MAINE","DEMOCRAT",127327,375114
"87",1978,"MAINE","REPUBLICAN",212294,375114
"88",1978,"MASSACHUSETTS","DEMOCRAT",1093283,1985700
"89",1978,"MASSACHUSETTS","REPUBLICAN",890584,1985700
"90",1978,"MICHIGAN","DEMOCRAT",1484193,2846630
"91",1978,"MICHIGAN","REPUBLICAN",1362165,2846630
"92",1978,"MINNESOTA","DEMOCRAT",638375,1580622
"93",1978,"MINNESOTA","REPUBLICAN",894092,1580622
"94",1978,"MISSISSIPPI","DEMOCRAT",187541,590236
"95",1978,"MISSISSIPPI","REPUBLICAN",267302,590236
"96",1978,"MONTANA","DEMOCRAT",160353,287942
"97",1978,"MONTANA","REPUBLICAN",127589,287942
"98",1978,"NEBRASKA","REPUBLICAN",159706,493802
"99",1978,"NEBRASKA","DEMOCRAT",334096,493802
"100",1978,"NEW HAMPSHIRE","REPUBLICAN",133745,263760
"101",1978,"NEW HAMPSHIRE","DEMOCRAT",127945,263760
"102",1978,"NEW JERSEY","REPUBLICAN",844200,1957515
"103",1978,"NEW JERSEY","DEMOCRAT",1082960,1957515
"104",1978,"NEW MEXICO","DEMOCRAT",160045,343487
"105",1978,"NEW MEXICO","REPUBLICAN",183442,343487
"106",1978,"NORTH CAROLINA","REPUBLICAN",619151,1135814
"107",1978,"NORTH CAROLINA","DEMOCRAT",516663,1135814
"108",1978,"OKLAHOMA","REPUBLICAN",247857,754264
"109",1978,"OKLAHOMA","DEMOCRAT",493953,754264
"110",1978,"OREGON","REPUBLICAN",550165,892518
"111",1978,"OREGON","DEMOCRAT",341616,892518
"112",1978,"RHODE ISLAND","DEMOCRAT",229557,305618
"113",1978,"RHODE ISLAND","REPUBLICAN",76061,305618
"114",1978,"SOUTH CAROLINA","REPUBLICAN",351917,632063
"115",1978,"SOUTH CAROLINA","DEMOCRAT",280146,632063
"116",1978,"SOUTH DAKOTA","DEMOCRAT",84767,255599
"117",1978,"SOUTH DAKOTA","REPUBLICAN",170832,255599
"118",1978,"TENNESSEE","REPUBLICAN",642644,1157094
"119",1978,"TENNESSEE","DEMOCRAT",466228,1157094
"120",1978,"TEXAS","DEMOCRAT",1139149,2312540
"121",1978,"TEXAS","REPUBLICAN",1151376,2312540
"122",1978,"VIRGINIA","DEMOCRAT",608511,1222256
"123",1978,"VIRGINIA","REPUBLICAN",613232,1222256
"124",1978,"WEST VIRGINIA","REPUBLICAN",244317,493351
"125",1978,"WEST VIRGINIA","DEMOCRAT",249034,493351
"126",1978,"WYOMING","DEMOCRAT",82908,133364
"127",1978,"WYOMING","REPUBLICAN",50456,133364
"128",1980,"ALABAMA","DEMOCRAT",610175,1296757
"129",1980,"ALABAMA","REPUBLICAN",650362,1296757
"130",1980,"ALASKA","DEMOCRAT",72007,156762
"131",1980,"ALASKA","REPUBLICAN",84159,156762
"132",1980,"ARIZONA","REPUBLICAN",432371,874238
"133",1980,"ARIZONA","DEMOCRAT",422972,874238
"134",1980,"ARKANSAS","DEMOCRAT",477905,808812
"135",1980,"ARKANSAS","REPUBLICAN",330576,808812
"136",1980,"CALIFORNIA","REPUBLICAN",3091671,8324012
"137",1980,"CALIFORNIA","DEMOCRAT",4704098,8324012
"138",1980,"COLORADO","DEMOCRAT",590501,1173142
"139",1980,"COLORADO","REPUBLICAN",571295,1173142
"140",1980,"CONNECTICUT","DEMOCRAT",763969,1356075
"141",1980,"CONNECTICUT","REPUBLICAN",581884,1356075
"142",1980,"FLORIDA","DEMOCRAT",1705409,3528028
"143",1980,"FLORIDA","REPUBLICAN",1822460,3528028
"144",1980,"GEORGIA","DEMOCRAT",776143,1579829
"145",1980,"GEORGIA","REPUBLICAN",803686,1579829
"146",1980,"HAWAII","DEMOCRAT",224485,288006
"147",1980,"HAWAII","REPUBLICAN",53068,288006
"148",1980,"IDAHO","REPUBLICAN",218701,439647
"149",1980,"IDAHO","DEMOCRAT",214439,439647
"150",1980,"ILLINOIS","REPUBLICAN",1946296,4580029
"151",1980,"ILLINOIS","DEMOCRAT",2565302,4580029
"152",1980,"INDIANA","DEMOCRAT",1015962,2198376
"153",1980,"INDIANA","REPUBLICAN",1182414,2198376
"154",1980,"IOWA","REPUBLICAN",683014,1276986
"155",1980,"IOWA","DEMOCRAT",581545,1276986
"156",1980,"KANSAS","REPUBLICAN",598686,938957
"157",1980,"KANSAS","DEMOCRAT",340271,938957
"158",1980,"KENTUCKY","DEMOCRAT",720891,1106920
"159",1980,"KENTUCKY","REPUBLICAN",386029,1106920
"160",1980,"LOUISIANA","DEMOCRAT",325922,841013
"161",1980,"LOUISIANA","DEMOCRAT",484770,841013
"162",1980,"LOUISIANA","REPUBLICAN",13739,841013
"163",1980,"LOUISIANA","REPUBLICAN",10208,841013
"164",1980,"MARYLAND","REPUBLICAN",850970,1286088
"165",1980,"MARYLAND","DEMOCRAT",435118,1286088
"166",1980,"MISSOURI","REPUBLICAN",985399,2066965
"167",1980,"MISSOURI","DEMOCRAT",1074859,2066965
"168",1980,"NEVADA","REPUBLICAN",144224,243273
"169",1980,"NEVADA","DEMOCRAT",92129,243273
"170",1980,"NEW HAMPSHIRE","REPUBLICAN",195559,375060
"171",1980,"NEW HAMPSHIRE","DEMOCRAT",179455,375060
"172",1980,"NEW YORK","REPUBLICAN",2272082,6014914
"173",1980,"NEW YORK","DEMOCRAT",2618661,6014914
"174",1980,"NORTH CAROLINA","DEMOCRAT",887653,1797665
"175",1980,"NORTH CAROLINA","REPUBLICAN",898064,1797665
"176",1980,"OHIO","REPUBLICAN",1137695,4027303
"177",1980,"OHIO","DEMOCRAT",2770786,4027303
"178",1980,"OKLAHOMA","REPUBLICAN",587252,1098294
"179",1980,"OKLAHOMA","DEMOCRAT",478283,1098294
"180",1980,"OREGON","DEMOCRAT",501963,1140494
"181",1980,"OREGON","REPUBLICAN",594290,1140494
"182",1980,"PENNSYLVANIA","DEMOCRAT",2122391,4418042
"183",1980,"PENNSYLVANIA","REPUBLICAN",2230404,4418042
"184",1980,"SOUTH CAROLINA","REPUBLICAN",257946,870500
"185",1980,"SOUTH CAROLINA","DEMOCRAT",612554,870500
"186",1980,"SOUTH DAKOTA","REPUBLICAN",190594,327478
"187",1980,"SOUTH DAKOTA","DEMOCRAT",129018,327478
"188",1980,"UTAH","REPUBLICAN",437675,594298
"189",1980,"UTAH","DEMOCRAT",151454,594298
"190",1980,"VERMONT","REPUBLICAN",101421,209124
"191",1980,"VERMONT","DEMOCRAT",104176,209124
"192",1980,"WASHINGTON","DEMOCRAT",792052,1728369
"193",1980,"WASHINGTON","REPUBLICAN",936317,1728369
"194",1980,"WISCONSIN","REPUBLICAN",1106311,2204202
"195",1980,"WISCONSIN","DEMOCRAT",1065487,2204202
"196",1982,"ARIZONA","DEMOCRAT",411970,723885
"197",1982,"ARIZONA","REPUBLICAN",291749,723885
"198",1982,"CALIFORNIA","DEMOCRAT",3494968,7805450
"199",1982,"CALIFORNIA","REPUBLICAN",4022565,7805450
"200",1982,"CONNECTICUT","DEMOCRAT",499146,1083508
"201",1982,"CONNECTICUT","REPUBLICAN",545987,1083508
"202",1982,"DELAWARE","DEMOCRAT",84413,190960
"203",1982,"DELAWARE","REPUBLICAN",105357,190960
"204",1982,"FLORIDA","REPUBLICAN",1015330,2653419
"205",1982,"FLORIDA","DEMOCRAT",1637667,2653419
"206",1982,"HAWAII","DEMOCRAT",245386,306410
"207",1982,"HAWAII","REPUBLICAN",52071,306410
"208",1982,"INDIANA","DEMOCRAT",828400,1817287
"209",1982,"INDIANA","REPUBLICAN",978301,1817287
"210",1982,"MAINE","REPUBLICAN",179882,459715
"211",1982,"MAINE","DEMOCRAT",279819,459715
"212",1982,"MARYLAND","DEMOCRAT",707356,1114690
"213",1982,"MARYLAND","REPUBLICAN",407334,1114690
"214",1982,"MASSACHUSETTS","REPUBLICAN",784602,2050769
"215",1982,"MASSACHUSETTS","DEMOCRAT",1247084,2050769
"216",1982,"MICHIGAN","DEMOCRAT",1728793,2994334
"217",1982,"MICHIGAN","REPUBLICAN",1223288,2994334
"218",1982,"MINNESOTA","DEMOCRAT",840401,1804675
"219",1982,"MINNESOTA","REPUBLICAN",949207,1804675
"220",1982,"MISSISSIPPI","DEMOCRAT",414099,645026
"221",1982,"MISSISSIPPI","REPUBLICAN",230927,645026
"222",1982,"MISSOURI","DEMOCRAT",758629,1543521
"223",1982,"MISSOURI","REPUBLICAN",784876,1543521
"224",1982,"MONTANA","REPUBLICAN",133789,321062
"225",1982,"MONTANA","DEMOCRAT",174861,321062
"226",1982,"NEBRASKA","DEMOCRAT",363350,545647
"227",1982,"NEBRASKA","REPUBLICAN",155760,545647
"228",1982,"NEVADA","REPUBLICAN",120377,235097
"229",1982,"NEVADA","DEMOCRAT",114720,235097
"230",1982,"NEW JERSEY","REPUBLICAN",1047626,2193945
"231",1982,"NEW JERSEY","DEMOCRAT",1117549,2193945
"232",1982,"NEW MEXICO","REPUBLICAN",187128,404810
"233",1982,"NEW MEXICO","DEMOCRAT",217682,404810
"234",1982,"NEW YORK","REPUBLICAN",1415749,4967729
"235",1982,"NEW YORK","DEMOCRAT",3089871,4967729
"236",1982,"NORTH DAKOTA","REPUBLICAN",89304,262465
"237",1982,"NORTH DAKOTA","DEMOCRAT",164873,262465
"238",1982,"OHIO","REPUBLICAN",1396790,3395463
"239",1982,"OHIO","DEMOCRAT",1923767,3395463
"240",1982,"PENNSYLVANIA","DEMOCRAT",1412965,3604108
"241",1982,"PENNSYLVANIA","REPUBLICAN",2136418,3604108
"242",1982,"RHODE ISLAND","REPUBLICAN",175495,342778
"243",1982,"RHODE ISLAND","DEMOCRAT",167283,342778
"244",1982,"TENNESSEE","REPUBLICAN",479642,1259785
"245",1982,"TENNESSEE","DEMOCRAT",780113,1259785
"246",1982,"TEXAS","DEMOCRAT",1818223,3103167
"247",1982,"TEXAS","REPUBLICAN",1256759,3103167
"248",1982,"UTAH","REPUBLICAN",309332,530802
"249",1982,"UTAH","DEMOCRAT",219482,530802
"250",1982,"VERMONT","REPUBLICAN",84449,168002
"251",1982,"VERMONT","DEMOCRAT",79340,168002
"252",1982,"VIRGINIA","REPUBLICAN",724571,1415622
"253",1982,"VIRGINIA","DEMOCRAT",690839,1415622
"254",1982,"WASHINGTON","REPUBLICAN",332273,1368476
"255",1982,"WASHINGTON","DEMOCRAT",943655,1368476
"256",1982,"WEST VIRGINIA","REPUBLICAN",173910,565314
"257",1982,"WEST VIRGINIA","DEMOCRAT",387170,565314
"258",1982,"WISCONSIN","REPUBLICAN",527355,1544883
"259",1982,"WISCONSIN","DEMOCRAT",983311,1544883
"260",1982,"WYOMING","REPUBLICAN",94725,167191
"261",1982,"WYOMING","DEMOCRAT",72466,167191
"262",1984,"ALABAMA","DEMOCRAT",860535,1371234
"263",1984,"ALABAMA","REPUBLICAN",498508,1371234
"264",1984,"ALASKA","DEMOCRAT",58804,206438
"265",1984,"ALASKA","REPUBLICAN",146919,206438
"266",1984,"ARKANSAS","DEMOCRAT",502341,875956
"267",1984,"ARKANSAS","REPUBLICAN",373615,875956
"268",1984,"COLORADO","REPUBLICAN",833821,1297809
"269",1984,"COLORADO","DEMOCRAT",449327,1297809
"270",1984,"DELAWARE","DEMOCRAT",147831,245932
"271",1984,"DELAWARE","REPUBLICAN",98101,245932
"272",1984,"GEORGIA","REPUBLICAN",337196,1681344
"273",1984,"GEORGIA","DEMOCRAT",1344104,1681344
"274",1984,"IDAHO","DEMOCRAT",105591,406168
"275",1984,"IDAHO","REPUBLICAN",293193,406168
"276",1984,"ILLINOIS","REPUBLICAN",2308039,4787335
"277",1984,"ILLINOIS","DEMOCRAT",2397165,4787335
"278",1984,"IOWA","REPUBLICAN",564381,1292700
"279",1984,"IOWA","DEMOCRAT",716883,1292700
"280",1984,"KANSAS","DEMOCRAT",211664,996729
"281",1984,"KANSAS","REPUBLICAN",757402,996729
"282",1984,"KENTUCKY","DEMOCRAT",639721,1292407
"283",1984,"KENTUCKY","DEMOCRAT",644990,1292407
"284",1984,"LOUISIANA","DEMOCRAT",1,1
"285",1984,"MAINE","REPUBLICAN",404414,551406
"286",1984,"MAINE","DEMOCRAT",142626,551406
"287",1984,"MASSACHUSETTS","DEMOCRAT",1393150,2530471
"288",1984,"MASSACHUSETTS","REPUBLICAN",1136913,2530471
"289",1984,"MICHIGAN","DEMOCRAT",1915831,3700938
"290",1984,"MICHIGAN","REPUBLICAN",1745302,3700938
"291",1984,"MINNESOTA","DEMOCRAT",852844,2066143
"292",1984,"MINNESOTA","REPUBLICAN",1199926,2066143
"293",1984,"MISSISSIPPI","DEMOCRAT",371926,952240
"294",1984,"MISSISSIPPI","REPUBLICAN",580314,952240
"295",1984,"MONTANA","DEMOCRAT",215704,379155
"296",1984,"MONTANA","REPUBLICAN",154308,379155
"297",1984,"NEBRASKA","DEMOCRAT",332217,639668
"298",1984,"NEBRASKA","REPUBLICAN",307147,639668
"299",1984,"NEW HAMPSHIRE","DEMOCRAT",157447,384369
"300",1984,"NEW HAMPSHIRE","REPUBLICAN",225828,384369
"301",1984,"NEW JERSEY","DEMOCRAT",1986644,3096456
"302",1984,"NEW JERSEY","REPUBLICAN",1080100,3096456
"303",1984,"NEW MEXICO","REPUBLICAN",361371,502634
"304",1984,"NEW MEXICO","DEMOCRAT",141253,502634
"305",1984,"NORTH CAROLINA","REPUBLICAN",1156768,2239051
"306",1984,"NORTH CAROLINA","DEMOCRAT",1070488,2239051
"307",1984,"OKLAHOMA","DEMOCRAT",906131,1197937
"308",1984,"OKLAHOMA","REPUBLICAN",280638,1197937
"309",1984,"OREGON","REPUBLICAN",808152,1214735
"310",1984,"OREGON","DEMOCRAT",406122,1214735
"311",1984,"RHODE ISLAND","REPUBLICAN",107545,393356
"312",1984,"RHODE ISLAND","DEMOCRAT",285811,393356
"313",1984,"SOUTH CAROLINA","REPUBLICAN",644815,965130
"314",1984,"SOUTH CAROLINA","DEMOCRAT",306982,965130
"315",1984,"SOUTH DAKOTA","DEMOCRAT",80537,315713
"316",1984,"SOUTH DAKOTA","REPUBLICAN",235176,315713
"317",1984,"TENNESSEE","REPUBLICAN",557016,1648036
"318",1984,"TENNESSEE","DEMOCRAT",1000607,1648036
"319",1984,"TEXAS","DEMOCRAT",2202557,5314178
"320",1984,"TEXAS","REPUBLICAN",3111348,5314178
"321",1984,"VIRGINIA","DEMOCRAT",601142,2007487
"322",1984,"VIRGINIA","REPUBLICAN",1406194,2007487
"323",1984,"WEST VIRGINIA","REPUBLICAN",344680,722212
"324",1984,"WEST VIRGINIA","DEMOCRAT",374233,722212
"325",1984,"WYOMING","DEMOCRAT",40525,186898
"326",1984,"WYOMING","REPUBLICAN",146373,186898
"327",1986,"ALABAMA","DEMOCRAT",609360,1211897
"328",1986,"ALABAMA","REPUBLICAN",602537,1211897
"329",1986,"ALASKA","REPUBLICAN",97674,180801
"330",1986,"ALASKA","DEMOCRAT",79727,180801
"331",1986,"ARIZONA","DEMOCRAT",340965,862921
"332",1986,"ARIZONA","REPUBLICAN",521850,862921
"333",1986,"ARKANSAS","REPUBLICAN",262313,695487
"334",1986,"ARKANSAS","DEMOCRAT",433122,695487
"335",1986,"CALIFORNIA","DEMOCRAT",3646672,7398462
"336",1986,"CALIFORNIA","REPUBLICAN",3541804,7398462
"337",1986,"COLORADO","REPUBLICAN",512994,1060765
"338",1986,"COLORADO","DEMOCRAT",529449,1060765
"339",1986,"CONNECTICUT","REPUBLICAN",340438,976933
"340",1986,"CONNECTICUT","DEMOCRAT",632695,976933
"341",1986,"FLORIDA","REPUBLICAN",1552376,3429996
"342",1986,"FLORIDA","DEMOCRAT",1877543,3429996
"343",1986,"GEORGIA","REPUBLICAN",601241,1225008
"344",1986,"GEORGIA","DEMOCRAT",623707,1225008
"345",1986,"HAWAII","REPUBLICAN",86910,328797
"346",1986,"HAWAII","DEMOCRAT",241887,328797
"347",1986,"IDAHO","REPUBLICAN",196958,382024
"348",1986,"IDAHO","DEMOCRAT",185066,382024
"349",1986,"ILLINOIS","DEMOCRAT",2033783,3122883
"350",1986,"ILLINOIS","REPUBLICAN",1053734,3122883
"351",1986,"INDIANA","DEMOCRAT",595192,1545563
"352",1986,"INDIANA","REPUBLICAN",936143,1545563
"353",1986,"IOWA","REPUBLICAN",588880,891762
"354",1986,"IOWA","DEMOCRAT",299406,891762
"355",1986,"KANSAS","REPUBLICAN",576902,823566
"356",1986,"KANSAS","DEMOCRAT",246664,823566
"357",1986,"KENTUCKY","REPUBLICAN",173330,677280
"358",1986,"KENTUCKY","DEMOCRAT",503775,677280
"359",1986,"LOUISIANA","REPUBLICAN",646311,1369897
"360",1986,"LOUISIANA","DEMOCRAT",723586,1369897
"361",1986,"MARYLAND","REPUBLICAN",437411,1112637
"362",1986,"MARYLAND","DEMOCRAT",675225,1112637
"363",1986,"MISSOURI","REPUBLICAN",777612,1477327
"364",1986,"MISSOURI","DEMOCRAT",699624,1477327
"365",1986,"NEVADA","REPUBLICAN",116606,261932
"366",1986,"NEVADA","DEMOCRAT",130955,261932
"367",1986,"NEW HAMPSHIRE","REPUBLICAN",154090,244735
"368",1986,"NEW HAMPSHIRE","DEMOCRAT",79222,244735
"369",1986,"NEW YORK","DEMOCRAT",1723216,4484859
"370",1986,"NEW YORK","REPUBLICAN",2030260,4484859
"371",1986,"NORTH DAKOTA","REPUBLICAN",141812,289013
"372",1986,"NORTH DAKOTA","DEMOCRAT",143932,289013
"373",1986,"OHIO","DEMOCRAT",1949208,3121189
"374",1986,"OHIO","REPUBLICAN",1171893,3121189
"375",1986,"OKLAHOMA","REPUBLICAN",493436,893666
"376",1986,"OKLAHOMA","DEMOCRAT",400230,893666
"377",1986,"OREGON","REPUBLICAN",656317,1042555
"378",1986,"OREGON","DEMOCRAT",375735,1042555
"379",1986,"PENNSYLVANIA","DEMOCRAT",1448219,3378226
"380",1986,"PENNSYLVANIA","REPUBLICAN",1906537,3378226
"381",1986,"SOUTH CAROLINA","REPUBLICAN",262886,737962
"382",1986,"SOUTH CAROLINA","DEMOCRAT",465500,737962
"383",1986,"SOUTH DAKOTA","DEMOCRAT",152657,295830
"384",1986,"SOUTH DAKOTA","REPUBLICAN",143173,295830
"385",1986,"UTAH","DEMOCRAT",115523,435111
"386",1986,"UTAH","REPUBLICAN",314608,435111
"387",1986,"VERMONT","REPUBLICAN",67798,196532
"388",1986,"VERMONT","DEMOCRAT",124123,196532
"389",1986,"WASHINGTON","REPUBLICAN",650931,1337367
"390",1986,"WASHINGTON","DEMOCRAT",677471,1337367
"391",1986,"WISCONSIN","DEMOCRAT",702963,1483174
"392",1986,"WISCONSIN","REPUBLICAN",754573,1483174
"393",1988,"ARIZONA","REPUBLICAN",478060,1164539
"394",1988,"ARIZONA","DEMOCRAT",660403,1164539
"395",1988,"CALIFORNIA","REPUBLICAN",5143409,9743598
"396",1988,"CALIFORNIA","DEMOCRAT",4287253,9743598
"397",1988,"CONNECTICUT","REPUBLICAN",678454,1383526
"398",1988,"CONNECTICUT","DEMOCRAT",688499,1383526
"399",1988,"DELAWARE","REPUBLICAN",151115,243493
"400",1988,"DELAWARE","DEMOCRAT",92378,243493
"401",1988,"FLORIDA","REPUBLICAN",2051071,4068209
"402",1988,"FLORIDA","DEMOCRAT",2016553,4068209
"403",1988,"HAWAII","DEMOCRAT",247941,323876
"404",1988,"HAWAII","REPUBLICAN",66987,323876
"405",1988,"INDIANA","DEMOCRAT",668778,2099303
"406",1988,"INDIANA","REPUBLICAN",1430525,2099303
"407",1988,"MAINE","DEMOCRAT",452581,556745
"408",1988,"MAINE","REPUBLICAN",104164,556745
"409",1988,"MARYLAND","REPUBLICAN",617537,1617065
"410",1988,"MARYLAND","DEMOCRAT",999166,1617065
"411",1988,"MASSACHUSETTS","DEMOCRAT",1693344,2606225
"412",1988,"MASSACHUSETTS","REPUBLICAN",884267,2606225
"413",1988,"MICHIGAN","REPUBLICAN",1348219,3505985
"414",1988,"MICHIGAN","DEMOCRAT",2116865,3505985
"415",1988,"MINNESOTA","REPUBLICAN",1176210,2093953
"416",1988,"MINNESOTA","DEMOCRAT",856694,2093953
"417",1988,"MISSISSIPPI","REPUBLICAN",510380,946719
"418",1988,"MISSISSIPPI","DEMOCRAT",436339,946719
"419",1988,"MISSOURI","REPUBLICAN",1407416,2078875
"420",1988,"MISSOURI","DEMOCRAT",660045,2078875
"421",1988,"MONTANA","REPUBLICAN",189445,365254
"422",1988,"MONTANA","DEMOCRAT",175809,365254
"423",1988,"NEBRASKA","DEMOCRAT",378717,667860
"424",1988,"NEBRASKA","REPUBLICAN",278250,667860
"425",1988,"NEVADA","REPUBLICAN",161336,342407
"426",1988,"NEVADA","DEMOCRAT",175548,342407
"427",1988,"NEW JERSEY","DEMOCRAT",1599905,2987634
"428",1988,"NEW JERSEY","REPUBLICAN",1349937,2987634
"429",1988,"NEW MEXICO","DEMOCRAT",321983,508598
"430",1988,"NEW MEXICO","REPUBLICAN",186579,508598
"431",1988,"NEW YORK","REPUBLICAN",1686558,6040980
"432",1988,"NEW YORK","DEMOCRAT",3907178,6040980
"433",1988,"NORTH DAKOTA","DEMOCRAT",171899,289170
"434",1988,"NORTH DAKOTA","REPUBLICAN",112937,289170
"435",1988,"OHIO","DEMOCRAT",2480038,4352905
"436",1988,"OHIO","REPUBLICAN",1872716,4352905
"437",1988,"PENNSYLVANIA","DEMOCRAT",1416764,4366598
"438",1988,"PENNSYLVANIA","REPUBLICAN",2901715,4366598
"439",1988,"RHODE ISLAND","DEMOCRAT",180717,397990
"440",1988,"RHODE ISLAND","REPUBLICAN",217273,397990
"441",1988,"TENNESSEE","DEMOCRAT",1020061,1567181
"442",1988,"TENNESSEE","REPUBLICAN",541033,1567181
"443",1988,"TEXAS","DEMOCRAT",3149806,5323606
"444",1988,"TEXAS","REPUBLICAN",2129228,5323606
"445",1988,"UTAH","DEMOCRAT",203364,640702
"446",1988,"UTAH","REPUBLICAN",430089,640702
"447",1988,"VERMONT","REPUBLICAN",163183,240108
"448",1988,"VERMONT","DEMOCRAT",71460,240108
"449",1988,"VIRGINIA","DEMOCRAT",1474086,2068897
"450",1988,"VIRGINIA","REPUBLICAN",593652,2068897
"451",1988,"WASHINGTON","REPUBLICAN",944359,1848542
"452",1988,"WASHINGTON","DEMOCRAT",904183,1848542
"453",1988,"WEST VIRGINIA","DEMOCRAT",410983,634547
"454",1988,"WEST VIRGINIA","REPUBLICAN",223564,634547
"455",1988,"WISCONSIN","DEMOCRAT",1128625,2168190
"456",1988,"WISCONSIN","REPUBLICAN",1030440,2168190
"457",1988,"WYOMING","DEMOCRAT",89821,180964
"458",1988,"WYOMING","REPUBLICAN",91143,180964
"459",1990,"ALABAMA","DEMOCRAT",717814,1185154
"460",1990,"ALABAMA","REPUBLICAN",467190,1185154
"461",1990,"ALASKA","DEMOCRAT",61152,189957
"462",1990,"ALASKA","REPUBLICAN",125806,189957
"463",1990,"ARKANSAS","DEMOCRAT",493910,494735
"464",1990,"COLORADO","REPUBLICAN",569048,1022027
"465",1990,"COLORADO","DEMOCRAT",425746,1022027
"466",1990,"DELAWARE","DEMOCRAT",112918,180157
"467",1990,"DELAWARE","REPUBLICAN",64554,180157
"468",1990,"GEORGIA","DEMOCRAT",1033439,1033439
"469",1990,"IDAHO","DEMOCRAT",122295,315936
"470",1990,"IDAHO","REPUBLICAN",193641,315936
"471",1990,"ILLINOIS","DEMOCRAT",2115377,3251005
"472",1990,"ILLINOIS","REPUBLICAN",1135628,3251005
"473",1990,"IOWA","DEMOCRAT",535975,983933
"474",1990,"IOWA","REPUBLICAN",446869,983933
"475",1990,"KANSAS","DEMOCRAT",207491,786235
"476",1990,"KANSAS","REPUBLICAN",578605,786235
"477",1990,"KENTUCKY","REPUBLICAN",478034,916010
"478",1990,"KENTUCKY","DEMOCRAT",437976,916010
"479",1990,"LOUISIANA","DEMOCRAT",1,1
"480",1990,"MAINE","REPUBLICAN",319167,520320
"481",1990,"MAINE","DEMOCRAT",201053,520320
"482",1990,"MASSACHUSETTS","DEMOCRAT",1321712,2424579
"483",1990,"MASSACHUSETTS","REPUBLICAN",992917,2424579
"484",1990,"MICHIGAN","DEMOCRAT",1471753,2560494
"485",1990,"MICHIGAN","REPUBLICAN",1055695,2560494
"486",1990,"MINNESOTA","REPUBLICAN",864375,1808045
"487",1990,"MINNESOTA","DEMOCRAT",911999,1808045
"488",1990,"MISSISSIPPI","REPUBLICAN",274244,274244
"489",1990,"MONTANA","DEMOCRAT",217563,319336
"490",1990,"MONTANA","REPUBLICAN",93836,319336
"491",1990,"NEBRASKA","REPUBLICAN",243013,593828
"492",1990,"NEBRASKA","DEMOCRAT",349779,593828
"493",1990,"NEW HAMPSHIRE","REPUBLICAN",189792,291393
"494",1990,"NEW HAMPSHIRE","DEMOCRAT",91299,291393
"495",1990,"NEW JERSEY","REPUBLICAN",918874,1938454
"496",1990,"NEW JERSEY","DEMOCRAT",977810,1938454
"497",1990,"NEW MEXICO","DEMOCRAT",110033,406938
"498",1990,"NEW MEXICO","REPUBLICAN",296712,406938
"499",1990,"NORTH CAROLINA","DEMOCRAT",981573,2069585
"500",1990,"NORTH CAROLINA","REPUBLICAN",1087331,2069585
"501",1990,"OKLAHOMA","REPUBLICAN",148814,884498
"502",1990,"OKLAHOMA","DEMOCRAT",735684,884498
"503",1990,"OREGON","REPUBLICAN",590095,1099255
"504",1990,"OREGON","DEMOCRAT",507743,1099255
"505",1990,"RHODE ISLAND","REPUBLICAN",138947,364062
"506",1990,"RHODE ISLAND","DEMOCRAT",225105,364062
"507",1990,"SOUTH CAROLINA","REPUBLICAN",482032,750716
"508",1990,"SOUTH CAROLINA","DEMOCRAT",244112,750716
"509",1990,"SOUTH DAKOTA","DEMOCRAT",116727,258976
"510",1990,"SOUTH DAKOTA","REPUBLICAN",135682,258976
"511",1990,"TENNESSEE","DEMOCRAT",530898,783922
"512",1990,"TENNESSEE","REPUBLICAN",233703,783922
"513",1990,"TEXAS","DEMOCRAT",1429986,3822157
"514",1990,"TEXAS","REPUBLICAN",2302357,3822157
"515",1990,"VIRGINIA","REPUBLICAN",876782,1083690
"516",1990,"WEST VIRGINIA","DEMOCRAT",276234,404305
"517",1990,"WEST VIRGINIA","REPUBLICAN",128071,404305
"518",1990,"WYOMING","REPUBLICAN",100784,157632
"519",1990,"WYOMING","DEMOCRAT",56848,157632
"520",1992,"ALABAMA","DEMOCRAT",1022698,1577799
"521",1992,"ALABAMA","REPUBLICAN",522015,1577799
"522",1992,"ALASKA","REPUBLICAN",127163,239714
"523",1992,"ALASKA","DEMOCRAT",92065,239714
"524",1992,"ARIZONA","DEMOCRAT",436321,1382051
"525",1992,"ARIZONA","REPUBLICAN",771395,1382051
"526",1992,"ARKANSAS","DEMOCRAT",553635,920008
"527",1992,"ARKANSAS","REPUBLICAN",366373,920008
"528",1992,"CALIFORNIA","DEMOCRAT",5173467,10799703
"529",1992,"CALIFORNIA","REPUBLICAN",4644182,10799703
"530",1992,"COLORADO","DEMOCRAT",803725,1552289
"531",1992,"COLORADO","REPUBLICAN",662893,1552289
"532",1992,"CONNECTICUT","REPUBLICAN",572036,1500661
"533",1992,"CONNECTICUT","DEMOCRAT",577662,1500661
"534",1992,"FLORIDA","REPUBLICAN",1716505,4962290
"535",1992,"FLORIDA","DEMOCRAT",3245565,4962290
"536",1992,"GEORGIA","DEMOCRAT",618877,1253991
"537",1992,"GEORGIA","DEMOCRAT",1108416,2251587
"538",1992,"GEORGIA","REPUBLICAN",1073282,2251587
"539",1992,"GEORGIA","REPUBLICAN",635114,1253991
"540",1992,"HAWAII","REPUBLICAN",97928,363662
"541",1992,"HAWAII","DEMOCRAT",208266,363662
"542",1992,"IDAHO","REPUBLICAN",270468,478504
"543",1992,"IDAHO","DEMOCRAT",208036,478504
"544",1992,"ILLINOIS","REPUBLICAN",2126833,4939558
"545",1992,"ILLINOIS","DEMOCRAT",2631229,4939558
"546",1992,"INDIANA","DEMOCRAT",900148,2211426
"547",1992,"INDIANA","REPUBLICAN",1267972,2211426
"548",1992,"IOWA","DEMOCRAT",351561,1292494
"549",1992,"IOWA","REPUBLICAN",899761,1292494
"550",1992,"KANSAS","REPUBLICAN",706246,1126447
"551",1992,"KANSAS","DEMOCRAT",349525,1126447
"552",1992,"KENTUCKY","REPUBLICAN",476604,1330858
"553",1992,"KENTUCKY","DEMOCRAT",836888,1330858
"554",1992,"LOUISIANA","DEMOCRAT",1,1
"555",1992,"MARYLAND","DEMOCRAT",1307610,1841298
"556",1992,"MARYLAND","REPUBLICAN",533688,1841298
"557",1992,"MISSOURI","REPUBLICAN",1221901,2354916
"558",1992,"MISSOURI","DEMOCRAT",1057967,2354916
"559",1992,"NEVADA","REPUBLICAN",199413,495887
"560",1992,"NEVADA","DEMOCRAT",253150,495887
"561",1992,"NEW HAMPSHIRE","REPUBLICAN",249591,518170
"562",1992,"NEW HAMPSHIRE","DEMOCRAT",234982,518170
"563",1992,"NEW YORK","REPUBLICAN",2652822,7078805
"564",1992,"NEW YORK","DEMOCRAT",2943001,7078805
"565",1992,"NORTH CAROLINA","DEMOCRAT",1194015,2577891
"566",1992,"NORTH CAROLINA","REPUBLICAN",1297892,2577891
"567",1992,"NORTH DAKOTA","DEMOCRAT",179347,303957
"568",1992,"NORTH DAKOTA","REPUBLICAN",118162,303957
"569",1992,"OHIO","DEMOCRAT",2444419,4793953
"570",1992,"OHIO","REPUBLICAN",2028300,4793953
"571",1992,"OKLAHOMA","REPUBLICAN",757876,1294423
"572",1992,"OKLAHOMA","DEMOCRAT",494350,1294423
"573",1992,"OREGON","DEMOCRAT",639851,1376033
"574",1992,"OREGON","REPUBLICAN",717455,1376033
"575",1992,"PENNSYLVANIA","DEMOCRAT",2224966,4802410
"576",1992,"PENNSYLVANIA","REPUBLICAN",2358125,4802410
"577",1992,"SOUTH CAROLINA","REPUBLICAN",554175,1180438
"578",1992,"SOUTH CAROLINA","DEMOCRAT",591030,1180438
"579",1992,"SOUTH DAKOTA","DEMOCRAT",217095,334495
"580",1992,"SOUTH DAKOTA","REPUBLICAN",108733,334495
"581",1992,"UTAH","REPUBLICAN",420069,758479
"582",1992,"UTAH","DEMOCRAT",301228,758479
"583",1992,"VERMONT","DEMOCRAT",154762,285739
"584",1992,"VERMONT","REPUBLICAN",123854,285739
"585",1992,"WASHINGTON","REPUBLICAN",1020829,2218802
"586",1992,"WASHINGTON","DEMOCRAT",1197973,2218802
"587",1992,"WISCONSIN","REPUBLICAN",1129599,2455124
"588",1992,"WISCONSIN","DEMOCRAT",1290662,2455124
"589",1994,"ARIZONA","DEMOCRAT",442510,1119060
"590",1994,"ARIZONA","REPUBLICAN",600999,1119060
"591",1994,"CALIFORNIA","DEMOCRAT",3979152,8514089
"592",1994,"CALIFORNIA","REPUBLICAN",3817025,8514089
"593",1994,"CONNECTICUT","REPUBLICAN",334833,1079664
"594",1994,"CONNECTICUT","DEMOCRAT",443793,1079664
"595",1994,"DELAWARE","REPUBLICAN",111074,199000
"596",1994,"DELAWARE","DEMOCRAT",84540,199000
"597",1994,"FLORIDA","REPUBLICAN",2895200,4106816
"598",1994,"FLORIDA","DEMOCRAT",1210577,4106816
"599",1994,"HAWAII","DEMOCRAT",256189,356902
"600",1994,"HAWAII","REPUBLICAN",86320,356902
"601",1994,"INDIANA","REPUBLICAN",1039625,1543568
"602",1994,"INDIANA","DEMOCRAT",470799,1543568
"603",1994,"MAINE","REPUBLICAN",308244,511733
"604",1994,"MAINE","DEMOCRAT",186042,511733
"605",1994,"MARYLAND","REPUBLICAN",559908,1369101
"606",1994,"MARYLAND","DEMOCRAT",809125,1369101
"607",1994,"MASSACHUSETTS","REPUBLICAN",894000,2179945
"608",1994,"MASSACHUSETTS","DEMOCRAT",1265997,2179945
"609",1994,"MICHIGAN","REPUBLICAN",1578770,3043385
"610",1994,"MICHIGAN","DEMOCRAT",1300960,3043385
"611",1994,"MINNESOTA","REPUBLICAN",869653,1772929
"612",1994,"MINNESOTA","DEMOCRAT",781860,1772929
"613",1994,"MISSISSIPPI","REPUBLICAN",418333,608085
"614",1994,"MISSISSIPPI","DEMOCRAT",189752,608085
"615",1994,"MISSOURI","DEMOCRAT",633697,1775116
"616",1994,"MISSOURI","REPUBLICAN",1060149,1775116
"617",1994,"MONTANA","DEMOCRAT",131845,350387
"618",1994,"MONTANA","REPUBLICAN",218542,350387
"619",1994,"NEBRASKA","REPUBLICAN",260668,579205
"620",1994,"NEBRASKA","DEMOCRAT",317297,579205
"621",1994,"NEVADA","REPUBLICAN",156020,380530
"622",1994,"NEVADA","DEMOCRAT",193804,380530
"623",1994,"NEW JERSEY","REPUBLICAN",966244,2054887
"624",1994,"NEW JERSEY","DEMOCRAT",1033487,2054887
"625",1994,"NEW MEXICO","REPUBLICAN",213025,463196
"626",1994,"NEW MEXICO","DEMOCRAT",249989,463196
"627",1994,"NEW YORK","DEMOCRAT",2528387,5328486
"628",1994,"NEW YORK","REPUBLICAN",1711760,5328486
"629",1994,"NORTH DAKOTA","DEMOCRAT",137157,236547
"630",1994,"NORTH DAKOTA","REPUBLICAN",99390,236547
"631",1994,"OHIO","DEMOCRAT",1348213,3436884
"632",1994,"OHIO","REPUBLICAN",1836556,3436884
"633",1994,"PENNSYLVANIA","REPUBLICAN",1735691,3513361
"634",1994,"PENNSYLVANIA","DEMOCRAT",1648481,3513361
"635",1994,"RHODE ISLAND","DEMOCRAT",122532,345388
"636",1994,"RHODE ISLAND","REPUBLICAN",222856,345388
"637",1994,"TENNESSEE","DEMOCRAT",623164,1480391
"638",1994,"TENNESSEE","REPUBLICAN",834226,1480391
"639",1994,"TEXAS","DEMOCRAT",1639615,4279940
"640",1994,"TEXAS","REPUBLICAN",2604218,4279940
"641",1994,"UTAH","REPUBLICAN",357297,519304
"642",1994,"UTAH","DEMOCRAT",146938,519304
"643",1994,"VERMONT","REPUBLICAN",106505,211672
"644",1994,"VERMONT","DEMOCRAT",85868,211672
"645",1994,"VIRGINIA","DEMOCRAT",938376,2057463
"646",1994,"VIRGINIA","REPUBLICAN",882213,2057463
"647",1994,"WASHINGTON","REPUBLICAN",947821,1700173
"648",1994,"WASHINGTON","DEMOCRAT",752352,1700173
"649",1994,"WEST VIRGINIA","DEMOCRAT",290495,420936
"650",1994,"WEST VIRGINIA","REPUBLICAN",130441,420936
"651",1994,"WISCONSIN","DEMOCRAT",912662,1565628
"652",1994,"WISCONSIN","REPUBLICAN",636989,1565628
"653",1994,"WYOMING","REPUBLICAN",118754,201710
"654",1994,"WYOMING","DEMOCRAT",79287,201710
"655",1996,"ALABAMA","DEMOCRAT",681651,1499393
"656",1996,"ALABAMA","REPUBLICAN",786436,1499393
"657",1996,"ALASKA","DEMOCRAT",23977,231916
"658",1996,"ALASKA","REPUBLICAN",177893,231916
"659",1996,"ARKANSAS","DEMOCRAT",400241,846183
"660",1996,"ARKANSAS","REPUBLICAN",445942,846183
"661",1996,"COLORADO","DEMOCRAT",667600,1459601
"662",1996,"COLORADO","REPUBLICAN",750315,1459601
"663",1996,"DELAWARE","REPUBLICAN",105088,275591
"664",1996,"DELAWARE","DEMOCRAT",165465,275591
"665",1996,"GEORGIA","REPUBLICAN",1073969,2259224
"666",1996,"GEORGIA","DEMOCRAT",1103993,2259224
"667",1996,"IDAHO","REPUBLICAN",283532,497233
"668",1996,"IDAHO","DEMOCRAT",198422,497233
"669",1996,"ILLINOIS","REPUBLICAN",1728824,4250722
"670",1996,"ILLINOIS","DEMOCRAT",2384028,4250722
"671",1996,"IOWA","DEMOCRAT",634166,1224054
"672",1996,"IOWA","REPUBLICAN",571807,1224054
"673",1996,"KANSAS","REPUBLICAN",652677,1052300
"674",1996,"KANSAS","DEMOCRAT",362380,1052300
"675",1996,"KENTUCKY","REPUBLICAN",724794,1307046
"676",1996,"KENTUCKY","DEMOCRAT",560012,1307046
"677",1996,"LOUISIANA","REPUBLICAN",847157,1700102
"678",1996,"LOUISIANA","DEMOCRAT",852945,1700102
"679",1996,"MAINE","DEMOCRAT",266226,606777
"680",1996,"MAINE","REPUBLICAN",298422,606777
"681",1996,"MASSACHUSETTS","DEMOCRAT",1334135,2555942
"682",1996,"MASSACHUSETTS","REPUBLICAN",1143120,2555942
"683",1996,"MICHIGAN","DEMOCRAT",2195738,3762575
"684",1996,"MICHIGAN","REPUBLICAN",1500106,3762575
"685",1996,"MINNESOTA","REPUBLICAN",901194,2182905
"686",1996,"MINNESOTA","DEMOCRAT",1098430,2182905
"687",1996,"MISSISSIPPI","REPUBLICAN",624154,878662
"688",1996,"MISSISSIPPI","DEMOCRAT",240647,878662
"689",1996,"MONTANA","REPUBLICAN",182111,407490
"690",1996,"MONTANA","DEMOCRAT",201935,407490
"691",1996,"NEBRASKA","DEMOCRAT",281904,661837
"692",1996,"NEBRASKA","REPUBLICAN",379933,661837
"693",1996,"NEW HAMPSHIRE","REPUBLICAN",242257,491873
"694",1996,"NEW HAMPSHIRE","DEMOCRAT",227355,491873
"695",1996,"NEW JERSEY","REPUBLICAN",1227351,2883466
"696",1996,"NEW JERSEY","DEMOCRAT",1519154,2883466
"697",1996,"NEW MEXICO","REPUBLICAN",357171,551821
"698",1996,"NEW MEXICO","DEMOCRAT",164356,551821
"699",1996,"NORTH CAROLINA","REPUBLICAN",1345833,2556456
"700",1996,"NORTH CAROLINA","DEMOCRAT",1173875,2556456
"701",1996,"OKLAHOMA","REPUBLICAN",670610,1183150
"702",1996,"OKLAHOMA","DEMOCRAT",474162,1183150
"703",1996,"OREGON","DEMOCRAT",624370,1360230
"704",1996,"OREGON","REPUBLICAN",677336,1360230
"705",1996,"RHODE ISLAND","DEMOCRAT",230676,364371
"706",1996,"RHODE ISLAND","REPUBLICAN",127368,364371
"707",1996,"SOUTH CAROLINA","REPUBLICAN",619859,1161231
"708",1996,"SOUTH CAROLINA","DEMOCRAT",510951,1161231
"709",1996,"SOUTH DAKOTA","REPUBLICAN",157954,324487
"710",1996,"SOUTH DAKOTA","DEMOCRAT",166533,324487
"711",1996,"TENNESSEE","REPUBLICAN",1091554,1778664
"712",1996,"TENNESSEE","DEMOCRAT",654937,1778664
"713",1996,"TEXAS","DEMOCRAT",2428776,5527441
"714",1996,"TEXAS","REPUBLICAN",3027680,5527441
"715",1996,"VIRGINIA","REPUBLICAN",1235744,2354715
"716",1996,"VIRGINIA","DEMOCRAT",1115982,2354715
"717",1996,"WEST VIRGINIA","DEMOCRAT",456526,595614
"718",1996,"WEST VIRGINIA","REPUBLICAN",139088,595614
"719",1996,"WYOMING","REPUBLICAN",114116,211077
"720",1996,"WYOMING","DEMOCRAT",89103,211077
"721",1998,"ALABAMA","REPUBLICAN",817973,1293405
"722",1998,"ALABAMA","DEMOCRAT",474568,1293405
"723",1998,"ALASKA","REPUBLICAN",165227,221807
"724",1998,"ALASKA","DEMOCRAT",43743,221807
"725",1998,"ARIZONA","DEMOCRAT",275224,1013280
"726",1998,"ARIZONA","REPUBLICAN",696577,1013280
"727",1998,"ARKANSAS","REPUBLICAN",295870,700831
"728",1998,"ARKANSAS","DEMOCRAT",385878,700831
"729",1998,"CALIFORNIA","REPUBLICAN",3575078,8311905
"730",1998,"CALIFORNIA","DEMOCRAT",4410056,8311905
"731",1998,"COLORADO","REPUBLICAN",829370,1327235
"732",1998,"COLORADO","DEMOCRAT",464754,1327235
"733",1998,"CONNECTICUT","REPUBLICAN",312177,964457
"734",1998,"CONNECTICUT","DEMOCRAT",628306,964457
"735",1998,"FLORIDA","DEMOCRAT",2436407,3900162
"736",1998,"FLORIDA","REPUBLICAN",1463755,3900162
"737",1998,"GEORGIA","DEMOCRAT",791904,1753953
"738",1998,"GEORGIA","REPUBLICAN",918540,1753953
"739",1998,"HAWAII","DEMOCRAT",315252,398124
"740",1998,"HAWAII","REPUBLICAN",70964,398124
"741",1998,"IDAHO","REPUBLICAN",262966,378174
"742",1998,"IDAHO","DEMOCRAT",107375,378174
"743",1998,"ILLINOIS","REPUBLICAN",1709041,3394521
"744",1998,"ILLINOIS","DEMOCRAT",1610496,3394521
"745",1998,"INDIANA","DEMOCRAT",1012244,1588617
"746",1998,"INDIANA","REPUBLICAN",552732,1588617
"747",1998,"IOWA","REPUBLICAN",648480,947907
"748",1998,"IOWA","DEMOCRAT",289049,947907
"749",1998,"KANSAS","REPUBLICAN",474639,727236
"750",1998,"KANSAS","DEMOCRAT",229718,727236
"751",1998,"KENTUCKY","DEMOCRAT",563051,1145414
"752",1998,"KENTUCKY","REPUBLICAN",569817,1145414
"753",1998,"LOUISIANA","DEMOCRAT",9893,969165
"754",1998,"LOUISIANA","DEMOCRAT",620502,969165
"755",1998,"LOUISIANA","REPUBLICAN",306616,969165
"756",1998,"LOUISIANA","REPUBLICAN",7964,969165
"757",1998,"MARYLAND","DEMOCRAT",1062810,1507447
"758",1998,"MARYLAND","REPUBLICAN",444637,1507447
"759",1998,"MISSOURI","DEMOCRAT",690208,1576857
"760",1998,"MISSOURI","REPUBLICAN",830625,1576857
"761",1998,"NEVADA","REPUBLICAN",208220,435864
"762",1998,"NEVADA","DEMOCRAT",208621,435864
"763",1998,"NEW HAMPSHIRE","DEMOCRAT",88883,314696
"764",1998,"NEW HAMPSHIRE","REPUBLICAN",213477,314696
"765",1998,"NEW YORK","DEMOCRAT",2386314,4989877
"766",1998,"NEW YORK","REPUBLICAN",1680203,4989877
"767",1998,"NORTH CAROLINA","REPUBLICAN",945943,2012143
"768",1998,"NORTH CAROLINA","DEMOCRAT",1029237,2012143
"769",1998,"NORTH DAKOTA","REPUBLICAN",75013,213358
"770",1998,"NORTH DAKOTA","DEMOCRAT",134747,213358
"771",1998,"OHIO","REPUBLICAN",1922087,3404351
"772",1998,"OHIO","DEMOCRAT",1482054,3404351
"773",1998,"OKLAHOMA","REPUBLICAN",570682,859713
"774",1998,"OKLAHOMA","DEMOCRAT",268898,859713
"775",1998,"OREGON","REPUBLICAN",377739,1117747
"776",1998,"OREGON","DEMOCRAT",682425,1117747
"777",1998,"PENNSYLVANIA","DEMOCRAT",1028839,2957499
"778",1998,"PENNSYLVANIA","REPUBLICAN",1814180,2957499
"779",1998,"SOUTH CAROLINA","REPUBLICAN",488238,1069063
"780",1998,"SOUTH CAROLINA","DEMOCRAT",563377,1069063
"781",1998,"SOUTH DAKOTA","DEMOCRAT",162884,262111
"782",1998,"SOUTH DAKOTA","REPUBLICAN",95431,262111
"783",1998,"UTAH","DEMOCRAT",163172,494909
"784",1998,"UTAH","REPUBLICAN",316652,494909
"785",1998,"VERMONT","DEMOCRAT",154567,214036
"786",1998,"VERMONT","REPUBLICAN",48051,214036
"787",1998,"WASHINGTON","DEMOCRAT",1103184,1888561
"788",1998,"WASHINGTON","REPUBLICAN",785377,1888561
"789",1998,"WISCONSIN","REPUBLICAN",852272,1760836
"790",1998,"WISCONSIN","DEMOCRAT",890059,1760836
"791",2000,"ARIZONA","REPUBLICAN",1108196,1397076
"792",2000,"CALIFORNIA","REPUBLICAN",3886853,10623608
"793",2000,"CALIFORNIA","DEMOCRAT",5932522,10623608
"794",2000,"CONNECTICUT","DEMOCRAT",828902,1311261
"795",2000,"CONNECTICUT","REPUBLICAN",448077,1311261
"796",2000,"DELAWARE","DEMOCRAT",181566,326993
"797",2000,"DELAWARE","REPUBLICAN",142891,326993
"798",2000,"FLORIDA","DEMOCRAT",2989487,5856731
"799",2000,"FLORIDA","REPUBLICAN",2705348,5856731
"800",2000,"HAWAII","REPUBLICAN",84701,345623
"801",2000,"HAWAII","DEMOCRAT",251215,345623
"802",2000,"INDIANA","REPUBLICAN",1427944,2145209
"803",2000,"INDIANA","DEMOCRAT",683273,2145209
"804",2000,"MAINE","DEMOCRAT",197183,634872
"805",2000,"MAINE","REPUBLICAN",437689,634872
"806",2000,"MARYLAND","REPUBLICAN",715178,1946898
"807",2000,"MARYLAND","DEMOCRAT",1230013,1946898
"808",2000,"MASSACHUSETTS","DEMOCRAT",1889494,2734048
"809",2000,"MASSACHUSETTS","REPUBLICAN",334341,2734048
"810",2000,"MICHIGAN","DEMOCRAT",2061952,4167685
"811",2000,"MICHIGAN","REPUBLICAN",1994693,4167685
"812",2000,"MINNESOTA","DEMOCRAT",1181553,2419520
"813",2000,"MINNESOTA","REPUBLICAN",1047474,2419520
"814",2000,"MISSISSIPPI","REPUBLICAN",654941,994144
"815",2000,"MISSISSIPPI","DEMOCRAT",314090,994144
"816",2000,"MISSOURI","REPUBLICAN",1142852,2361586
"817",2000,"MISSOURI","DEMOCRAT",1191812,2361586
"818",2000,"MONTANA","DEMOCRAT",194430,411601
"819",2000,"MONTANA","REPUBLICAN",208082,411601
"820",2000,"NEBRASKA","REPUBLICAN",337977,692350
"821",2000,"NEBRASKA","DEMOCRAT",353093,692350
"822",2000,"NEVADA","REPUBLICAN",330687,600776
"823",2000,"NEVADA","DEMOCRAT",238260,600776
"824",2000,"NEW JERSEY","REPUBLICAN",1420267,3015662
"825",2000,"NEW JERSEY","DEMOCRAT",1511237,3015662
"826",2000,"NEW MEXICO","REPUBLICAN",225517,589526
"827",2000,"NEW MEXICO","DEMOCRAT",363744,589526
"828",2000,"NEW YORK","REPUBLICAN",2724589,6959662
"829",2000,"NEW YORK","DEMOCRAT",3562415,6959662
"830",2000,"NORTH DAKOTA","DEMOCRAT",176470,287539
"831",2000,"NORTH DAKOTA","REPUBLICAN",111069,287539
"832",2000,"OHIO","DEMOCRAT",1595066,4448801
"833",2000,"OHIO","REPUBLICAN",2665512,4448801
"834",2000,"PENNSYLVANIA","DEMOCRAT",2154908,4735116
"835",2000,"PENNSYLVANIA","REPUBLICAN",2481962,4735116
"836",2000,"RHODE ISLAND","DEMOCRAT",161023,391353
"837",2000,"RHODE ISLAND","REPUBLICAN",222588,391353
"838",2000,"TENNESSEE","DEMOCRAT",621152,1928613
"839",2000,"TENNESSEE","REPUBLICAN",1255444,1928613
"840",2000,"TEXAS","DEMOCRAT",2025024,6267964
"841",2000,"TEXAS","REPUBLICAN",4078954,6267964
"842",2000,"UTAH","DEMOCRAT",242569,769704
"843",2000,"UTAH","REPUBLICAN",504803,769704
"844",2000,"VERMONT","DEMOCRAT",73352,288500
"845",2000,"VERMONT","REPUBLICAN",189133,288500
"846",2000,"VIRGINIA","DEMOCRAT",1296093,2718301
"847",2000,"VIRGINIA","REPUBLICAN",1420460,2718301
"848",2000,"WASHINGTON","REPUBLICAN",1197208,2461379
"849",2000,"WASHINGTON","DEMOCRAT",1199437,2461379
"850",2000,"WEST VIRGINIA","DEMOCRAT",469215,603477
"851",2000,"WEST VIRGINIA","REPUBLICAN",121635,603477
"852",2000,"WISCONSIN","DEMOCRAT",1563238,2540083
"853",2000,"WISCONSIN","REPUBLICAN",940744,2540083
"854",2000,"WYOMING","REPUBLICAN",157622,213659
"855",2000,"WYOMING","DEMOCRAT",47087,213659
"856",2002,"ALABAMA","REPUBLICAN",792561,1353023
"857",2002,"ALABAMA","DEMOCRAT",538878,1353023
"858",2002,"ALASKA","REPUBLICAN",179438,229548
"859",2002,"ALASKA","DEMOCRAT",24133,229548
"860",2002,"ARKANSAS","REPUBLICAN",370735,804121
"861",2002,"ARKANSAS","DEMOCRAT",433386,804121
"862",2002,"COLORADO","REPUBLICAN",717893,1416082
"863",2002,"COLORADO","DEMOCRAT",648130,1416082
"864",2002,"DELAWARE","DEMOCRAT",135253,232314
"865",2002,"DELAWARE","REPUBLICAN",94793,232314
"866",2002,"GEORGIA","REPUBLICAN",1071352,2031604
"867",2002,"GEORGIA","DEMOCRAT",932422,2031604
"868",2002,"IDAHO","REPUBLICAN",266215,408544
"869",2002,"IDAHO","DEMOCRAT",132975,408544
"870",2002,"ILLINOIS","REPUBLICAN",1325703,3486851
"871",2002,"ILLINOIS","DEMOCRAT",2103766,3486851
"872",2002,"IOWA","REPUBLICAN",447892,1023075
"873",2002,"IOWA","DEMOCRAT",554278,1023075
"874",2002,"KANSAS","REPUBLICAN",641075,776850
"875",2002,"KENTUCKY","REPUBLICAN",731679,1131313
"876",2002,"KENTUCKY","DEMOCRAT",399634,1131313
"877",2002,"LOUISIANA","REPUBLICAN",119776,2481629
"878",2002,"LOUISIANA","REPUBLICAN",171752,2481629
"879",2002,"LOUISIANA","DEMOCRAT",638654,2481629
"880",2002,"LOUISIANA","DEMOCRAT",23553,2481629
"881",2002,"LOUISIANA","REPUBLICAN",596642,2481629
"882",2002,"LOUISIANA","REPUBLICAN",339506,2481629
"883",2002,"LOUISIANA","REPUBLICAN",1668,2481629
"884",2002,"LOUISIANA","DEMOCRAT",573347,2481629
"885",2002,"MAINE","REPUBLICAN",295041,504899
"886",2002,"MAINE","DEMOCRAT",209858,504899
"887",2002,"MASSACHUSETTS","DEMOCRAT",1605976,2220301
"888",2002,"MICHIGAN","DEMOCRAT",1896614,3129287
"889",2002,"MICHIGAN","REPUBLICAN",1185545,3129287
"890",2002,"MINNESOTA","REPUBLICAN",1116697,2254636
"891",2002,"MINNESOTA","DEMOCRAT",11381,2254636
"892",2002,"MINNESOTA","DEMOCRAT",1067246,2254636
"893",2002,"MISSISSIPPI","REPUBLICAN",533269,630495
"894",2002,"MONTANA","DEMOCRAT",204853,326537
"895",2002,"MONTANA","REPUBLICAN",103611,326537
"896",2002,"NEBRASKA","DEMOCRAT",70290,480217
"897",2002,"NEBRASKA","REPUBLICAN",397438,480217
"898",2002,"NEW HAMPSHIRE","DEMOCRAT",207478,447135
"899",2002,"NEW HAMPSHIRE","REPUBLICAN",227229,447135
"900",2002,"NEW JERSEY","REPUBLICAN",928439,2112604
"901",2002,"NEW JERSEY","DEMOCRAT",1138193,2112604
"902",2002,"NEW MEXICO","DEMOCRAT",168863,483056
"903",2002,"NEW MEXICO","REPUBLICAN",314193,483056
"904",2002,"NORTH CAROLINA","DEMOCRAT",1047983,2331181
"905",2002,"NORTH CAROLINA","REPUBLICAN",1248664,2331181
"906",2002,"OKLAHOMA","REPUBLICAN",583579,1018424
"907",2002,"OKLAHOMA","DEMOCRAT",369789,1018424
"908",2002,"OREGON","REPUBLICAN",712287,1267221
"909",2002,"OREGON","DEMOCRAT",501898,1267221
"910",2002,"RHODE ISLAND","DEMOCRAT",253774,323582
"911",2002,"RHODE ISLAND","REPUBLICAN",69808,323582
"912",2002,"SOUTH CAROLINA","REPUBLICAN",600010,1102912
"913",2002,"SOUTH CAROLINA","DEMOCRAT",487359,1102912
"914",2002,"SOUTH DAKOTA","DEMOCRAT",167481,337501
"915",2002,"SOUTH DAKOTA","REPUBLICAN",166949,337501
"916",2002,"TENNESSEE","DEMOCRAT",728232,1642432
"917",2002,"TENNESSEE","REPUBLICAN",891498,1642432
"918",2002,"TEXAS","REPUBLICAN",2496243,4514012
"919",2002,"TEXAS","DEMOCRAT",1955758,4514012
"920",2002,"VIRGINIA","REPUBLICAN",1229894,1489422
"921",2002,"WEST VIRGINIA","REPUBLICAN",160902,436183
"922",2002,"WEST VIRGINIA","DEMOCRAT",275281,436183
"923",2002,"WYOMING","DEMOCRAT",49570,183280
"924",2002,"WYOMING","REPUBLICAN",133710,183280
"925",2004,"ALABAMA","REPUBLICAN",1242200,1839066
"926",2004,"ALABAMA","DEMOCRAT",595018,1839066
"927",2004,"ALASKA","DEMOCRAT",140424,308315
"928",2004,"ALASKA","REPUBLICAN",149773,308315
"929",2004,"ARIZONA","DEMOCRAT",404507,1961677
"930",2004,"ARIZONA","REPUBLICAN",1505372,1961677
"931",2004,"ARKANSAS","DEMOCRAT",580973,1039349
"932",2004,"ARKANSAS","REPUBLICAN",458036,1039349
"933",2004,"CALIFORNIA","DEMOCRAT",6955728,12053295
"934",2004,"CALIFORNIA","REPUBLICAN",4555922,12053295
"935",2004,"COLORADO","DEMOCRAT",1081188,2107472
"936",2004,"COLORADO","REPUBLICAN",980668,2107472
"937",2004,"CONNECTICUT","REPUBLICAN",457749,1424726
"938",2004,"CONNECTICUT","DEMOCRAT",945347,1424726
"939",2004,"FLORIDA","REPUBLICAN",3672864,7429894
"940",2004,"FLORIDA","DEMOCRAT",3590201,7429894
"941",2004,"GEORGIA","REPUBLICAN",1864202,3220981
"942",2004,"GEORGIA","DEMOCRAT",1287690,3220981
"943",2004,"HAWAII","DEMOCRAT",313629,415347
"944",2004,"HAWAII","REPUBLICAN",87172,415347
"945",2004,"IDAHO","REPUBLICAN",499796,503932
"946",2004,"ILLINOIS","REPUBLICAN",1390690,5141520
"947",2004,"ILLINOIS","DEMOCRAT",3597456,5141520
"948",2004,"INDIANA","REPUBLICAN",903913,2428233
"949",2004,"INDIANA","DEMOCRAT",1496976,2428233
"950",2004,"IOWA","DEMOCRAT",412365,1479228
"951",2004,"IOWA","REPUBLICAN",1038175,1479228
"952",2004,"KANSAS","DEMOCRAT",310337,1129022
"953",2004,"KANSAS","REPUBLICAN",780863,1129022
"954",2004,"KENTUCKY","DEMOCRAT",850855,1724362
"955",2004,"KENTUCKY","REPUBLICAN",873507,1724362
"956",2004,"LOUISIANA","DEMOCRAT",275821,1848056
"957",2004,"LOUISIANA","DEMOCRAT",12289,1848056
"958",2004,"LOUISIANA","DEMOCRAT",542150,1848056
"959",2004,"LOUISIANA","REPUBLICAN",943014,1848056
"960",2004,"LOUISIANA","DEMOCRAT",47222,1848056
"961",2004,"MARYLAND","DEMOCRAT",1504691,2321931
"962",2004,"MARYLAND","REPUBLICAN",783055,2321931
"963",2004,"MISSOURI","DEMOCRAT",1158261,2706402
"964",2004,"MISSOURI","REPUBLICAN",1518089,2706402
"965",2004,"NEVADA","REPUBLICAN",284640,810068
"966",2004,"NEVADA","DEMOCRAT",494805,810068
"967",2004,"NEW HAMPSHIRE","DEMOCRAT",221549,657086
"968",2004,"NEW HAMPSHIRE","REPUBLICAN",434847,657086
"969",2004,"NEW YORK","REPUBLICAN",1625069,7447818
"970",2004,"NEW YORK","DEMOCRAT",4384907,7447818
"971",2004,"NORTH CAROLINA","DEMOCRAT",1632527,3472082
"972",2004,"NORTH CAROLINA","REPUBLICAN",1791450,3472082
"973",2004,"NORTH DAKOTA","DEMOCRAT",212143,310696
"974",2004,"NORTH DAKOTA","REPUBLICAN",98553,310696
"975",2004,"OHIO","DEMOCRAT",1961171,5425823
"976",2004,"OHIO","REPUBLICAN",3464356,5425823
"977",2004,"OKLAHOMA","DEMOCRAT",596750,1446846
"978",2004,"OKLAHOMA","REPUBLICAN",763433,1446846
"979",2004,"OREGON","REPUBLICAN",565254,1780550
"980",2004,"OREGON","DEMOCRAT",1128728,1780550
"981",2004,"PENNSYLVANIA","REPUBLICAN",2925080,5559105
"982",2004,"PENNSYLVANIA","DEMOCRAT",2334126,5559105
"983",2004,"SOUTH CAROLINA","REPUBLICAN",857167,1597221
"984",2004,"SOUTH CAROLINA","DEMOCRAT",704384,1597221
"985",2004,"SOUTH DAKOTA","DEMOCRAT",193340,391188
"986",2004,"SOUTH DAKOTA","REPUBLICAN",197848,391188
"987",2004,"UTAH","DEMOCRAT",258955,911726
"988",2004,"UTAH","REPUBLICAN",626640,911726
"989",2004,"VERMONT","REPUBLICAN",75398,307208
"990",2004,"VERMONT","DEMOCRAT",216972,307208
"991",2004,"WASHINGTON","DEMOCRAT",1549708,2818651
"992",2004,"WASHINGTON","REPUBLICAN",1204584,2818651
"993",2004,"WISCONSIN","DEMOCRAT",1632697,2949743
"994",2004,"WISCONSIN","REPUBLICAN",1301183,2949743
"995",2006,"ARIZONA","DEMOCRAT",664141,1526782
"996",2006,"ARIZONA","REPUBLICAN",814398,1526782
"997",2006,"CALIFORNIA","DEMOCRAT",5076289,8541476
"998",2006,"CALIFORNIA","REPUBLICAN",2990822,8541476
"999",2006,"CONNECTICUT","REPUBLICAN",109198,1134777
"1000",2006,"CONNECTICUT","DEMOCRAT",450844,1134777
"1001",2006,"DELAWARE","REPUBLICAN",69734,242972
"1002",2006,"DELAWARE","DEMOCRAT",170567,242972
"1003",2006,"FLORIDA","DEMOCRAT",2890548,4793534
"1004",2006,"FLORIDA","REPUBLICAN",1826127,4793534
"1005",2006,"HAWAII","REPUBLICAN",126097,342842
"1006",2006,"HAWAII","DEMOCRAT",210330,342842
"1007",2006,"INDIANA","REPUBLICAN",1171553,1341111
"1008",2006,"MAINE","REPUBLICAN",405596,545128
"1009",2006,"MAINE","DEMOCRAT",113131,545128
"1010",2006,"MARYLAND","REPUBLICAN",787182,1781139
"1011",2006,"MARYLAND","DEMOCRAT",965477,1781139
"1012",2006,"MASSACHUSETTS","DEMOCRAT",1500738,2243835
"1013",2006,"MASSACHUSETTS","REPUBLICAN",661532,2243835
"1014",2006,"MICHIGAN","DEMOCRAT",2151278,3780142
"1015",2006,"MICHIGAN","REPUBLICAN",1559597,3780142
"1016",2006,"MINNESOTA","REPUBLICAN",835653,2202772
"1017",2006,"MINNESOTA","DEMOCRAT",1278849,2202772
"1018",2006,"MISSISSIPPI","REPUBLICAN",388399,610921
"1019",2006,"MISSISSIPPI","DEMOCRAT",213000,610921
"1020",2006,"MISSOURI","REPUBLICAN",1006941,2128459
"1021",2006,"MISSOURI","DEMOCRAT",1055255,2128459
"1022",2006,"MONTANA","REPUBLICAN",196283,406505
"1023",2006,"MONTANA","DEMOCRAT",199845,406505
"1024",2006,"NEBRASKA","REPUBLICAN",213928,592316
"1025",2006,"NEBRASKA","DEMOCRAT",378388,592316
"1026",2006,"NEVADA","REPUBLICAN",322501,582572
"1027",2006,"NEVADA","DEMOCRAT",238796,582572
"1028",2006,"NEW JERSEY","REPUBLICAN",41998,101973
"1029",2006,"NEW JERSEY","DEMOCRAT",58333,101973
"1030",2006,"NEW MEXICO","REPUBLICAN",163826,558550
"1031",2006,"NEW MEXICO","DEMOCRAT",394365,558550
"1032",2006,"NEW YORK","REPUBLICAN",1212902,4700632
"1033",2006,"NEW YORK","DEMOCRAT",2698931,4700632
"1034",2006,"NORTH DAKOTA","REPUBLICAN",64417,218152
"1035",2006,"NORTH DAKOTA","DEMOCRAT",150146,218152
"1036",2006,"OHIO","REPUBLICAN",1761037,4019236
"1037",2006,"OHIO","DEMOCRAT",2257369,4019236
"1038",2006,"PENNSYLVANIA","DEMOCRAT",2392984,4081043
"1039",2006,"PENNSYLVANIA","REPUBLICAN",1684778,4081043
"1040",2006,"RHODE ISLAND","REPUBLICAN",178950,384993
"1041",2006,"RHODE ISLAND","DEMOCRAT",206043,384993
"1042",2006,"TENNESSEE","DEMOCRAT",879976,1833695
"1043",2006,"TENNESSEE","REPUBLICAN",929911,1833695
"1044",2006,"TEXAS","DEMOCRAT",1555202,4314663
"1045",2006,"TEXAS","REPUBLICAN",2661789,4314663
"1046",2006,"UTAH","REPUBLICAN",356238,571252
"1047",2006,"UTAH","DEMOCRAT",177459,571252
"1048",2006,"VERMONT","REPUBLICAN",84924,262419
"1049",2006,"VIRGINIA","DEMOCRAT",1175606,2370445
"1050",2006,"VIRGINIA","REPUBLICAN",1166277,2370445
"1051",2006,"WASHINGTON","REPUBLICAN",832106,2083734
"1052",2006,"WASHINGTON","DEMOCRAT",1184659,2083734
"1053",2006,"WEST VIRGINIA","DEMOCRAT",159154,206562
"1054",2006,"WEST VIRGINIA","REPUBLICAN",47408,206562
"1055",2006,"WISCONSIN","DEMOCRAT",1439214,2138297
"1056",2006,"WISCONSIN","REPUBLICAN",630299,2138297
"1057",2006,"WYOMING","DEMOCRAT",57671,196215
"1058",2006,"WYOMING","REPUBLICAN",135174,196215
"1059",2008,"ALABAMA","DEMOCRAT",752391,2060191
"1060",2008,"ALABAMA","REPUBLICAN",1305383,2060191
"1061",2008,"ALASKA","REPUBLICAN",147814,317723
"1062",2008,"ALASKA","DEMOCRAT",151767,317723
"1063",2008,"ARKANSAS","DEMOCRAT",804678,1011754
"1064",2008,"COLORADO","REPUBLICAN",990755,2331621
"1065",2008,"COLORADO","DEMOCRAT",1230994,2331621
"1066",2008,"DELAWARE","DEMOCRAT",257539,398134
"1067",2008,"DELAWARE","REPUBLICAN",140595,398134
"1068",2008,"GEORGIA","REPUBLICAN",1228033,2137956
"1069",2008,"GEORGIA","DEMOCRAT",909923,2137956
"1070",2008,"GEORGIA","DEMOCRAT",1757393,3752485
"1071",2008,"GEORGIA","REPUBLICAN",1867097,3752485
"1072",2008,"IDAHO","REPUBLICAN",371744,644780
"1073",2008,"IDAHO","DEMOCRAT",219903,644780
"1074",2008,"ILLINOIS","REPUBLICAN",1520621,5329884
"1075",2008,"ILLINOIS","DEMOCRAT",3615844,5329884
"1076",2008,"IOWA","DEMOCRAT",941665,1502918
"1077",2008,"IOWA","REPUBLICAN",560006,1502918
"1078",2008,"KANSAS","REPUBLICAN",727121,1210690
"1079",2008,"KANSAS","DEMOCRAT",441399,1210690
"1080",2008,"KENTUCKY","REPUBLICAN",953816,1800821
"1081",2008,"KENTUCKY","DEMOCRAT",847005,1800821
"1082",2008,"LOUISIANA","DEMOCRAT",988298,1896574
"1083",2008,"LOUISIANA","REPUBLICAN",867177,1896574
"1084",2008,"MAINE","REPUBLICAN",444300,724430
"1085",2008,"MAINE","DEMOCRAT",279510,724430
"1086",2008,"MASSACHUSETTS","DEMOCRAT",1971974,3102995
"1087",2008,"MASSACHUSETTS","REPUBLICAN",926044,3102995
"1088",2008,"MICHIGAN","REPUBLICAN",1641070,4848620
"1089",2008,"MICHIGAN","DEMOCRAT",3038386,4848620
"1090",2008,"MINNESOTA","REPUBLICAN",1212317,2887646
"1091",2008,"MINNESOTA","DEMOCRAT",1212629,2887646
"1092",2008,"MISSISSIPPI","REPUBLICAN",766111,1247026
"1093",2008,"MISSISSIPPI","DEMOCRAT",480915,1247026
"1094",2008,"MONTANA","REPUBLICAN",129369,477658
"1095",2008,"MONTANA","DEMOCRAT",348289,477658
"1096",2008,"NEBRASKA","DEMOCRAT",317456,792511
"1097",2008,"NEBRASKA","REPUBLICAN",455854,792511
"1098",2008,"NEW HAMPSHIRE","REPUBLICAN",314403,694787
"1099",2008,"NEW HAMPSHIRE","DEMOCRAT",358438,694787
"1100",2008,"NEW JERSEY","DEMOCRAT",1951218,3482445
"1101",2008,"NEW JERSEY","REPUBLICAN",1461025,3482445
"1102",2008,"NEW MEXICO","DEMOCRAT",505128,823650
"1103",2008,"NEW MEXICO","REPUBLICAN",318522,823650
"1104",2008,"NORTH CAROLINA","DEMOCRAT",2249311,4271970
"1105",2008,"NORTH CAROLINA","REPUBLICAN",1887510,4271970
"1106",2008,"OKLAHOMA","REPUBLICAN",763375,1346819
"1107",2008,"OKLAHOMA","DEMOCRAT",527736,1346819
"1108",2008,"OREGON","DEMOCRAT",864392,1767504
"1109",2008,"OREGON","REPUBLICAN",805159,1767504
"1110",2008,"RHODE ISLAND","DEMOCRAT",320644,438812
"1111",2008,"RHODE ISLAND","REPUBLICAN",116174,438812
"1112",2008,"SOUTH CAROLINA","DEMOCRAT",790621,1871431
"1113",2008,"SOUTH CAROLINA","REPUBLICAN",1076534,1871431
"1114",2008,"SOUTH DAKOTA","REPUBLICAN",142784,380673
"1115",2008,"SOUTH DAKOTA","DEMOCRAT",237889,380673
"1116",2008,"TENNESSEE","REPUBLICAN",1579477,2424585
"1117",2008,"TENNESSEE","DEMOCRAT",767236,2424585
"1118",2008,"TEXAS","REPUBLICAN",4337469,7912075
"1119",2008,"TEXAS","DEMOCRAT",3389365,7912075
"1120",2008,"VIRGINIA","REPUBLICAN",1228830,3643294
"1121",2008,"VIRGINIA","DEMOCRAT",2369327,3643294
"1122",2008,"WEST VIRGINIA","REPUBLICAN",254629,702308
"1123",2008,"WEST VIRGINIA","DEMOCRAT",447560,702308
"1124",2008,"WYOMING","DEMOCRAT",60631,250007
"1125",2008,"WYOMING","REPUBLICAN",189046,250007
"1126",2010,"ALABAMA","DEMOCRAT",515619,1485499
"1127",2010,"ALABAMA","REPUBLICAN",968181,1485499
"1128",2010,"ALASKA","REPUBLICAN",90839,255503
"1129",2010,"ALASKA","DEMOCRAT",60045,255503
"1130",2010,"ARIZONA","REPUBLICAN",1005615,1708484
"1131",2010,"ARIZONA","DEMOCRAT",592011,1708484
"1132",2010,"ARKANSAS","REPUBLICAN",451618,779957
"1133",2010,"ARKANSAS","DEMOCRAT",288156,779957
"1134",2010,"CALIFORNIA","DEMOCRAT",5218441,10000160
"1135",2010,"CALIFORNIA","REPUBLICAN",4217366,10000160
"1136",2010,"COLORADO","REPUBLICAN",822731,1772286
"1137",2010,"COLORADO","DEMOCRAT",851590,1772286
"1138",2010,"CONNECTICUT","DEMOCRAT",605204,1153115
"1139",2010,"CONNECTICUT","REPUBLICAN",498341,1153115
"1140",2010,"FLORIDA","REPUBLICAN",2645743,5411106
"1141",2010,"FLORIDA","DEMOCRAT",1092936,5411106
"1142",2010,"GEORGIA","DEMOCRAT",996516,2555258
"1143",2010,"GEORGIA","REPUBLICAN",1489904,2555258
"1144",2010,"HAWAII","REPUBLICAN",79939,370583
"1145",2010,"HAWAII","DEMOCRAT",277228,370583
"1146",2010,"IDAHO","DEMOCRAT",112057,449530
"1147",2010,"IDAHO","REPUBLICAN",319953,449530
"1148",2010,"INDIANA","DEMOCRAT",697775,1744481
"1149",2010,"INDIANA","REPUBLICAN",952116,1744481
"1150",2010,"IOWA","DEMOCRAT",371686,1116063
"1151",2010,"IOWA","REPUBLICAN",718215,1116063
"1152",2010,"KANSAS","DEMOCRAT",220971,837692
"1153",2010,"KANSAS","REPUBLICAN",587175,837692
"1154",2010,"KENTUCKY","DEMOCRAT",600052,1356096
"1155",2010,"KENTUCKY","REPUBLICAN",755706,1356096
"1156",2010,"LOUISIANA","REPUBLICAN",715415,1264994
"1157",2010,"LOUISIANA","DEMOCRAT",476572,1264994
"1158",2010,"MARYLAND","REPUBLICAN",655666,1833858
"1159",2010,"MARYLAND","DEMOCRAT",1140531,1833858
"1160",2010,"MISSOURI","DEMOCRAT",789736,1943899
"1161",2010,"MISSOURI","REPUBLICAN",1054160,1943899
"1162",2010,"NEVADA","DEMOCRAT",362785,721404
"1163",2010,"NEVADA","REPUBLICAN",321361,721404
"1164",2010,"NEW HAMPSHIRE","REPUBLICAN",273218,454710
"1165",2010,"NEW HAMPSHIRE","DEMOCRAT",167545,454710
"1166",2010,"NEW YORK","REPUBLICAN",1239605,4763899
"1167",2010,"NEW YORK","DEMOCRAT",3047880,4763899
"1168",2010,"NORTH CAROLINA","DEMOCRAT",1145074,2660079
"1169",2010,"NORTH CAROLINA","REPUBLICAN",1458046,2660079
"1170",2010,"NORTH DAKOTA","DEMOCRAT",52955,238534
"1171",2010,"NORTH DAKOTA","REPUBLICAN",181689,238534
"1172",2010,"OHIO","DEMOCRAT",1503297,3815098
"1173",2010,"OHIO","REPUBLICAN",2168742,3815098
"1174",2010,"OKLAHOMA","REPUBLICAN",718482,1017151
"1175",2010,"OKLAHOMA","DEMOCRAT",265814,1017151
"1176",2010,"OREGON","REPUBLICAN",566199,1442588
"1177",2010,"OREGON","DEMOCRAT",825507,1442588
"1178",2010,"PENNSYLVANIA","REPUBLICAN",2028945,3977661
"1179",2010,"PENNSYLVANIA","DEMOCRAT",1948716,3977661
"1180",2010,"SOUTH CAROLINA","DEMOCRAT",364598,1318794
"1181",2010,"SOUTH CAROLINA","REPUBLICAN",810771,1318794
"1182",2010,"SOUTH DAKOTA","REPUBLICAN",227947,227947
"1183",2010,"UTAH","REPUBLICAN",360403,585230
"1184",2010,"UTAH","DEMOCRAT",191732,585230
"1185",2010,"VERMONT","REPUBLICAN",72699,235178
"1186",2010,"VERMONT","DEMOCRAT",151281,235178
"1187",2010,"WASHINGTON","DEMOCRAT",1314930,2511094
"1188",2010,"WASHINGTON","REPUBLICAN",1196164,2511094
"1189",2010,"WISCONSIN","DEMOCRAT",1020958,2171331
"1190",2010,"WISCONSIN","REPUBLICAN",134,2171331
"1191",2010,"WISCONSIN","REPUBLICAN",1125999,2171331
"1192",2012,"ARIZONA","REPUBLICAN",1104457,2243422
"1193",2012,"ARIZONA","DEMOCRAT",1036542,2243422
"1194",2012,"CALIFORNIA","DEMOCRAT",7864624,12578511
"1195",2012,"CALIFORNIA","REPUBLICAN",4713887,12578511
"1196",2012,"CONNECTICUT","DEMOCRAT",792983,1511764
"1197",2012,"CONNECTICUT","REPUBLICAN",604569,1511764
"1198",2012,"DELAWARE","DEMOCRAT",265415,399606
"1199",2012,"DELAWARE","REPUBLICAN",115700,399606
"1200",2012,"FLORIDA","DEMOCRAT",4523451,8189946
"1201",2012,"FLORIDA","REPUBLICAN",3458267,8189946
"1202",2012,"HAWAII","REPUBLICAN",160994,437159
"1203",2012,"HAWAII","DEMOCRAT",269489,437159
"1204",2012,"INDIANA","REPUBLICAN",1133621,2560102
"1205",2012,"INDIANA","DEMOCRAT",1281181,2560102
"1206",2012,"MAINE","DEMOCRAT",92900,724720
"1207",2012,"MAINE","REPUBLICAN",215399,724720
"1208",2012,"MARYLAND","DEMOCRAT",1474028,2633234
"1209",2012,"MARYLAND","REPUBLICAN",693291,2633234
"1210",2012,"MASSACHUSETTS","REPUBLICAN",1458048,3184196
"1211",2012,"MASSACHUSETTS","DEMOCRAT",1696346,3184196
"1212",2012,"MICHIGAN","DEMOCRAT",2735826,4652918
"1213",2012,"MICHIGAN","REPUBLICAN",1767386,4652918
"1214",2012,"MINNESOTA","REPUBLICAN",867974,2843207
"1215",2012,"MINNESOTA","DEMOCRAT",1854595,2843207
"1216",2012,"MISSISSIPPI","DEMOCRAT",503467,1241568
"1217",2012,"MISSISSIPPI","REPUBLICAN",709626,1241568
"1218",2012,"MISSOURI","REPUBLICAN",1066159,2725793
"1219",2012,"MISSOURI","DEMOCRAT",1494125,2725793
"1220",2012,"MONTANA","DEMOCRAT",236123,486066
"1221",2012,"MONTANA","REPUBLICAN",218051,486066
"1222",2012,"NEBRASKA","DEMOCRAT",332979,788572
"1223",2012,"NEBRASKA","REPUBLICAN",455593,788572
"1224",2012,"NEVADA","REPUBLICAN",457656,997805
"1225",2012,"NEVADA","DEMOCRAT",446080,997805
"1226",2012,"NEW JERSEY","DEMOCRAT",1987680,3376649
"1227",2012,"NEW JERSEY","REPUBLICAN",1329534,3376649
"1228",2012,"NEW MEXICO","DEMOCRAT",395717,775793
"1229",2012,"NEW MEXICO","REPUBLICAN",351260,775793
"1230",2012,"NEW YORK","REPUBLICAN",1514647,7116628
"1231",2012,"NEW YORK","DEMOCRAT",4420043,7116628
"1232",2012,"NORTH DAKOTA","REPUBLICAN",158401,321144
"1233",2012,"NORTH DAKOTA","DEMOCRAT",161337,321144
"1234",2012,"OHIO","REPUBLICAN",2435712,5449018
"1235",2012,"OHIO","DEMOCRAT",2762690,5449018
"1236",2012,"PENNSYLVANIA","REPUBLICAN",2509132,5627422
"1237",2012,"PENNSYLVANIA","DEMOCRAT",3021364,5627422
"1238",2012,"RHODE ISLAND","DEMOCRAT",271034,418189
"1239",2012,"RHODE ISLAND","REPUBLICAN",146222,418189
"1240",2012,"TENNESSEE","REPUBLICAN",1506443,2321477
"1241",2012,"TENNESSEE","DEMOCRAT",705882,2321477
"1242",2012,"TEXAS","REPUBLICAN",4440137,7864822
"1243",2012,"TEXAS","DEMOCRAT",3194927,7864822
"1244",2012,"UTAH","REPUBLICAN",657608,1006901
"1245",2012,"UTAH","DEMOCRAT",301873,1006901
"1246",2012,"VERMONT","REPUBLICAN",72898,292762
"1247",2012,"VIRGINIA","REPUBLICAN",1785542,3802196
"1248",2012,"VIRGINIA","DEMOCRAT",2010067,3802196
"1249",2012,"WASHINGTON","DEMOCRAT",1855493,3069417
"1250",2012,"WASHINGTON","REPUBLICAN",1213924,3069417
"1251",2012,"WEST VIRGINIA","DEMOCRAT",399898,660202
"1252",2012,"WEST VIRGINIA","REPUBLICAN",240787,660202
"1253",2012,"WISCONSIN","DEMOCRAT",1547104,3009411
"1254",2012,"WISCONSIN","REPUBLICAN",1380126,3009411
"1255",2012,"WYOMING","REPUBLICAN",185250,250700
"1256",2012,"WYOMING","DEMOCRAT",53019,250700
"1257",2014,"ALABAMA","REPUBLICAN",795606,818090
"1258",2014,"ALASKA","DEMOCRAT",129431,282400
"1259",2014,"ALASKA","REPUBLICAN",135445,282400
"1260",2014,"ARKANSAS","REPUBLICAN",478819,847505
"1261",2014,"ARKANSAS","DEMOCRAT",334174,847505
"1262",2014,"COLORADO","REPUBLICAN",983891,2041058
"1263",2014,"COLORADO","DEMOCRAT",944203,2041058
"1264",2014,"DELAWARE","REPUBLICAN",98823,234038
"1265",2014,"DELAWARE","DEMOCRAT",130655,234038
"1266",2014,"GEORGIA","REPUBLICAN",1358088,2567805
"1267",2014,"GEORGIA","DEMOCRAT",1160811,2567805
"1268",2014,"IDAHO","DEMOCRAT",151574,437170
"1269",2014,"IDAHO","REPUBLICAN",285596,437170
"1270",2014,"ILLINOIS","DEMOCRAT",1929637,3603519
"1271",2014,"ILLINOIS","REPUBLICAN",1538522,3603519
"1272",2014,"IOWA","REPUBLICAN",588575,1129700
"1273",2014,"IOWA","DEMOCRAT",494370,1129700
"1274",2014,"KANSAS","REPUBLICAN",460350,866191
"1275",2014,"KENTUCKY","DEMOCRAT",584698,1435868
"1276",2014,"KENTUCKY","REPUBLICAN",806787,1435868
"1277",2014,"LOUISIANA","DEMOCRAT",11323,3523183
"1278",2014,"LOUISIANA","DEMOCRAT",3835,3523183
"1279",2014,"LOUISIANA","DEMOCRAT",4673,3523183
"1280",2014,"LOUISIANA","REPUBLICAN",1712379,3523183
"1281",2014,"LOUISIANA","DEMOCRAT",1561210,3523183
"1282",2014,"LOUISIANA","REPUBLICAN",14173,3523183
"1283",2014,"LOUISIANA","REPUBLICAN",202556,3523183
"1284",2014,"MAINE","REPUBLICAN",413505,616996
"1285",2014,"MAINE","DEMOCRAT",190254,616996
"1286",2014,"MASSACHUSETTS","REPUBLICAN",791950,2186789
"1287",2014,"MASSACHUSETTS","DEMOCRAT",1289944,2186789
"1288",2014,"MICHIGAN","REPUBLICAN",1290199,3121771
"1289",2014,"MICHIGAN","DEMOCRAT",1704936,3121771
"1290",2014,"MINNESOTA","REPUBLICAN",850227,1981528
"1291",2014,"MINNESOTA","DEMOCRAT",1053205,1981528
"1292",2014,"MISSISSIPPI","DEMOCRAT",239439,631858
"1293",2014,"MISSISSIPPI","REPUBLICAN",378481,631858
"1294",2014,"MONTANA","REPUBLICAN",213709,369826
"1295",2014,"MONTANA","DEMOCRAT",148184,369826
"1296",2014,"NEBRASKA","DEMOCRAT",170127,540337
"1297",2014,"NEBRASKA","REPUBLICAN",347636,540337
"1298",2014,"NEW HAMPSHIRE","DEMOCRAT",251184,488159
"1299",2014,"NEW HAMPSHIRE","REPUBLICAN",235347,488159
"1300",2014,"NEW JERSEY","DEMOCRAT",1043866,1869535
"1301",2014,"NEW JERSEY","REPUBLICAN",791297,1869535
"1302",2014,"NEW MEXICO","REPUBLICAN",229097,515506
"1303",2014,"NEW MEXICO","DEMOCRAT",286409,515506
"1304",2014,"NORTH CAROLINA","DEMOCRAT",1377651,2915281
"1305",2014,"NORTH CAROLINA","REPUBLICAN",1423259,2915281
"1306",2014,"OKLAHOMA","DEMOCRAT",234307,820733
"1307",2014,"OKLAHOMA","REPUBLICAN",558166,820733
"1308",2014,"OREGON","DEMOCRAT",814537,1461618
"1309",2014,"OREGON","REPUBLICAN",538847,1461618
"1310",2014,"RHODE ISLAND","DEMOCRAT",223675,316898
"1311",2014,"RHODE ISLAND","REPUBLICAN",92684,316898
"1312",2014,"SOUTH CAROLINA","DEMOCRAT",456726,1240075
"1313",2014,"SOUTH CAROLINA","REPUBLICAN",672941,1240075
"1314",2014,"SOUTH DAKOTA","REPUBLICAN",140741,279412
"1315",2014,"SOUTH DAKOTA","DEMOCRAT",82456,279412
"1316",2014,"TENNESSEE","DEMOCRAT",437848,1374065
"1317",2014,"TENNESSEE","REPUBLICAN",850087,1374065
"1318",2014,"TEXAS","REPUBLICAN",2861531,4648358
"1319",2014,"TEXAS","DEMOCRAT",1597387,4648358
"1320",2014,"VIRGINIA","REPUBLICAN",1055940,2184473
"1321",2014,"VIRGINIA","DEMOCRAT",1073667,2184473
"1322",2014,"WEST VIRGINIA","DEMOCRAT",156360,453689
"1323",2014,"WEST VIRGINIA","REPUBLICAN",281820,453689
"1324",2014,"WYOMING","REPUBLICAN",121554,171153
"1325",2014,"WYOMING","DEMOCRAT",29377,171153
"1326",2016,"ALABAMA","DEMOCRAT",748709,2087444
"1327",2016,"ALABAMA","REPUBLICAN",1335104,2087444
"1328",2016,"ALASKA","DEMOCRAT",36200,311441
"1329",2016,"ALASKA","REPUBLICAN",138149,311441
"1330",2016,"ARIZONA","DEMOCRAT",1031245,2530730
"1331",2016,"ARIZONA","REPUBLICAN",1359267,2530730
"1332",2016,"ARKANSAS","REPUBLICAN",661984,1107522
"1333",2016,"ARKANSAS","DEMOCRAT",400602,1107522
"1334",2016,"CALIFORNIA","DEMOCRAT",4701417,12244170
"1335",2016,"CALIFORNIA","DEMOCRAT",7542753,12244170
"1336",2016,"COLORADO","DEMOCRAT",1370710,2743023
"1337",2016,"COLORADO","REPUBLICAN",1215318,2743023
"1338",2016,"CONNECTICUT","DEMOCRAT",920766,1596276
"1339",2016,"CONNECTICUT","REPUBLICAN",552621,1596276
"1340",2016,"FLORIDA","DEMOCRAT",4122088,9301820
"1341",2016,"FLORIDA","REPUBLICAN",4835191,9301820
"1342",2016,"GEORGIA","DEMOCRAT",1599726,3898605
"1343",2016,"GEORGIA","REPUBLICAN",2135806,3898605
"1344",2016,"HAWAII","DEMOCRAT",306604,437664
"1345",2016,"HAWAII","REPUBLICAN",92653,437664
"1346",2016,"IDAHO","REPUBLICAN",449017,678943
"1347",2016,"IDAHO","DEMOCRAT",188249,678943
"1348",2016,"ILLINOIS","REPUBLICAN",2184692,5491878
"1349",2016,"ILLINOIS","DEMOCRAT",3012940,5491878
"1350",2016,"INDIANA","DEMOCRAT",1158947,2732546
"1351",2016,"INDIANA","REPUBLICAN",1423991,2732546
"1352",2016,"IOWA","REPUBLICAN",926007,1541036
"1353",2016,"IOWA","DEMOCRAT",549460,1541036
"1354",2016,"KANSAS","DEMOCRAT",379740,1177922
"1355",2016,"KANSAS","REPUBLICAN",732376,1177922
"1356",2016,"KENTUCKY","REPUBLICAN",1090177,1903465
"1357",2016,"KENTUCKY","DEMOCRAT",813246,1903465
"1358",2016,"LOUISIANA","REPUBLICAN",298008,1997218
"1359",2016,"LOUISIANA","DEMOCRAT",51774,1997218
"1360",2016,"LOUISIANA","DEMOCRAT",4927,1997218
"1361",2016,"LOUISIANA","REPUBLICAN",204026,1997218
"1362",2016,"LOUISIANA","DEMOCRAT",240917,1997218
"1363",2016,"LOUISIANA","DEMOCRAT",6855,1997218
"1364",2016,"LOUISIANA","REPUBLICAN",90856,1997218
"1365",2016,"LOUISIANA","DEMOCRAT",7395,1997218
"1366",2016,"LOUISIANA","REPUBLICAN",536191,1997218
"1367",2016,"LOUISIANA","DEMOCRAT",45587,1997218
"1368",2016,"LOUISIANA","DEMOCRAT",347816,1997218
"1369",2016,"LOUISIANA","REPUBLICAN",1576,1997218
"1370",2016,"LOUISIANA","REPUBLICAN",21019,1997218
"1371",2016,"LOUISIANA","REPUBLICAN",58606,1997218
"1372",2016,"LOUISIANA","REPUBLICAN",25523,1997218
"1373",2016,"LOUISIANA","REPUBLICAN",3684,1997218
"1374",2016,"MARYLAND","DEMOCRAT",1659907,2726170
"1375",2016,"MARYLAND","REPUBLICAN",972557,2726170
"1376",2016,"MISSOURI","REPUBLICAN",1378458,2802637
"1377",2016,"MISSOURI","DEMOCRAT",1300200,2802637
"1378",2016,"NEVADA","REPUBLICAN",495079,1108294
"1379",2016,"NEVADA","DEMOCRAT",521994,1108294
"1380",2016,"NEW HAMPSHIRE","REPUBLICAN",353632,739140
"1381",2016,"NEW HAMPSHIRE","DEMOCRAT",354649,739140
"1382",2016,"NEW YORK","REPUBLICAN",1723927,7800725
"1383",2016,"NEW YORK","DEMOCRAT",4784220,7800725
"1384",2016,"NORTH CAROLINA","DEMOCRAT",2128165,4691133
"1385",2016,"NORTH CAROLINA","REPUBLICAN",2395376,4691133
"1386",2016,"NORTH DAKOTA","REPUBLICAN",268788,342501
"1387",2016,"NORTH DAKOTA","DEMOCRAT",58116,342501
"1388",2016,"OHIO","DEMOCRAT",1996908,5374164
"1389",2016,"OHIO","REPUBLICAN",3118567,5374164
"1390",2016,"OKLAHOMA","DEMOCRAT",355911,1448047
"1391",2016,"OKLAHOMA","REPUBLICAN",980892,1448047
"1392",2016,"OREGON","DEMOCRAT",1105119,1952478
"1393",2016,"OREGON","REPUBLICAN",651106,1952478
"1394",2016,"PENNSYLVANIA","DEMOCRAT",2865012,6051856
"1395",2016,"PENNSYLVANIA","REPUBLICAN",2951702,6051856
"1396",2016,"SOUTH CAROLINA","DEMOCRAT",704540,2049893
"1397",2016,"SOUTH CAROLINA","REPUBLICAN",1241609,2049893
"1398",2016,"SOUTH DAKOTA","REPUBLICAN",265516,369656
"1399",2016,"SOUTH DAKOTA","DEMOCRAT",104140,369656
"1400",2016,"UTAH","REPUBLICAN",760220,1115583
"1401",2016,"UTAH","DEMOCRAT",301858,1115583
"1402",2016,"VERMONT","REPUBLICAN",103637,320467
"1403",2016,"VERMONT","DEMOCRAT",192243,320467
"1404",2016,"WASHINGTON","REPUBLICAN",1329338,3243317
"1405",2016,"WASHINGTON","DEMOCRAT",1913979,3243317
"1406",2016,"WISCONSIN","DEMOCRAT",1380335,2948741
"1407",2016,"WISCONSIN","REPUBLICAN",1479471,2948741
"1408",2018,"ARIZONA","REPUBLICAN",1135200,2384308
"1409",2018,"ARIZONA","DEMOCRAT",1191100,2384308
"1410",2018,"CALIFORNIA","DEMOCRAT",6019422,11113364
"1411",2018,"CALIFORNIA","DEMOCRAT",5093942,11113364
"1412",2018,"CONNECTICUT","DEMOCRAT",787685,1386840
"1413",2018,"CONNECTICUT","REPUBLICAN",545717,1386840
"1414",2018,"DELAWARE","DEMOCRAT",217385,362592
"1415",2018,"DELAWARE","REPUBLICAN",137127,362592
"1416",2018,"FLORIDA","REPUBLICAN",4099505,8190005
"1417",2018,"FLORIDA","DEMOCRAT",4089472,8190005
"1418",2018,"HAWAII","DEMOCRAT",276316,388351
"1419",2018,"HAWAII","REPUBLICAN",112035,388351
"1420",2018,"INDIANA","REPUBLICAN",1158000,2282565
"1421",2018,"INDIANA","DEMOCRAT",1023553,2282565
"1422",2018,"MAINE","REPUBLICAN",223502,634409
"1423",2018,"MAINE","DEMOCRAT",66268,634409
"1424",2018,"MARYLAND","REPUBLICAN",697017,2299889
"1425",2018,"MARYLAND","DEMOCRAT",1491614,2299889
"1426",2018,"MASSACHUSETTS","DEMOCRAT",1633371,2707090
"1427",2018,"MASSACHUSETTS","REPUBLICAN",979210,2707090
"1428",2018,"MICHIGAN","REPUBLICAN",1938818,4237271
"1429",2018,"MICHIGAN","DEMOCRAT",2214478,4237271
"1430",2018,"MINNESOTA","REPUBLICAN",940437,2596879
"1431",2018,"MINNESOTA","DEMOCRAT",1566174,2596879
"1432",2018,"MISSISSIPPI","DEMOCRAT",369567,936215
"1433",2018,"MISSISSIPPI","REPUBLICAN",547619,936215
"1434",2018,"MISSOURI","REPUBLICAN",1254927,2442289
"1435",2018,"MISSOURI","DEMOCRAT",1112935,2442289
"1436",2018,"MONTANA","DEMOCRAT",253876,504384
"1437",2018,"MONTANA","REPUBLICAN",235963,504384
"1438",2018,"NEBRASKA","REPUBLICAN",403151,698883
"1439",2018,"NEBRASKA","DEMOCRAT",269917,698883
"1440",2018,"NEVADA","DEMOCRAT",490071,972132
"1441",2018,"NEVADA","REPUBLICAN",441202,972132
"1442",2018,"NEW JERSEY","DEMOCRAT",1711654,3169310
"1443",2018,"NEW JERSEY","REPUBLICAN",1357355,3169310
"1444",2018,"NEW MEXICO","DEMOCRAT",376998,697012
"1445",2018,"NEW MEXICO","REPUBLICAN",212813,697012
"1446",2018,"NEW YORK","DEMOCRAT",3755489,6055151
"1447",2018,"NEW YORK","REPUBLICAN",1730439,6055151
"1448",2018,"NORTH DAKOTA","REPUBLICAN",179720,326138
"1449",2018,"NORTH DAKOTA","DEMOCRAT",144376,326138
"1450",2018,"OHIO","DEMOCRAT",2355923,4410898
"1451",2018,"OHIO","REPUBLICAN",2053963,4410898
"1452",2018,"PENNSYLVANIA","DEMOCRAT",2777680,4994643
"1453",2018,"PENNSYLVANIA","REPUBLICAN",2134848,4994643
"1454",2018,"RHODE ISLAND","DEMOCRAT",231477,376738
"1455",2018,"RHODE ISLAND","REPUBLICAN",144421,376738
"1456",2018,"TENNESSEE","REPUBLICAN",1227483,2243740
"1457",2018,"TENNESSEE","DEMOCRAT",985450,2243740
"1458",2018,"TEXAS","REPUBLICAN",4260553,8371655
"1459",2018,"TEXAS","DEMOCRAT",4045632,8371655
"1460",2018,"UTAH","REPUBLICAN",665215,1062845
"1461",2018,"UTAH","DEMOCRAT",328541,1062845
"1462",2018,"VERMONT","REPUBLICAN",74663,272624
"1463",2018,"VIRGINIA","REPUBLICAN",1374313,3351373
"1464",2018,"VIRGINIA","DEMOCRAT",1910370,3351373
"1465",2018,"WASHINGTON","DEMOCRAT",1803364,3086168
"1466",2018,"WASHINGTON","REPUBLICAN",1282804,3086168
"1467",2018,"WISCONSIN","DEMOCRAT",1472914,2657841
"1468",2018,"WISCONSIN","REPUBLICAN",1184885,2657841
"1469",2018,"WYOMING","REPUBLICAN",136210,203420
"1470",2018,"WYOMING","DEMOCRAT",61227,203420
"1471",2020,"ALABAMA","DEMOCRAT",920478,2316445
"1472",2020,"ALABAMA","REPUBLICAN",1392076,2316445
"1473",2020,"ALASKA","DEMOCRAT",146068,354587
"1474",2020,"ALASKA","REPUBLICAN",191112,354587
"1475",2020,"ARKANSAS","REPUBLICAN",793871,1193261
"1476",2020,"COLORADO","DEMOCRAT",1731114,3235790
"1477",2020,"COLORADO","REPUBLICAN",1429492,3235790
"1478",2020,"DELAWARE","DEMOCRAT",291804,490935
"1479",2020,"DELAWARE","REPUBLICAN",186054,490935
"1480",2020,"GEORGIA","REPUBLICAN",2462617,4952175
"1481",2020,"GEORGIA","DEMOCRAT",2374519,4952175
"1482",2020,"IDAHO","DEMOCRAT",285864,859827
"1483",2020,"IDAHO","REPUBLICAN",538446,859827
"1484",2020,"ILLINOIS","DEMOCRAT",3278930,5968901
"1485",2020,"ILLINOIS","REPUBLICAN",2319870,5968901
"1486",2020,"IOWA","REPUBLICAN",864997,1700130
"1487",2020,"IOWA","DEMOCRAT",754859,1700130
"1488",2020,"KANSAS","REPUBLICAN",727962,1367755
"1489",2020,"KANSAS","DEMOCRAT",571530,1367755
"1490",2020,"KENTUCKY","REPUBLICAN",1233315,2135057
"1491",2020,"KENTUCKY","DEMOCRAT",816257,2135057
"1492",2020,"LOUISIANA","REPUBLICAN",1228908,2071543
"1493",2020,"LOUISIANA","DEMOCRAT",229814,2071543
"1494",2020,"LOUISIANA","DEMOCRAT",36962,2071543
"1495",2020,"LOUISIANA","REPUBLICAN",38383,2071543
"1496",2020,"LOUISIANA","DEMOCRAT",394049,2071543
"1497",2020,"LOUISIANA","DEMOCRAT",55710,2071543
"1498",2020,"LOUISIANA","DEMOCRAT",14454,2071543
"1499",2020,"MAINE","REPUBLICAN",417645,828305
"1500",2020,"MAINE","DEMOCRAT",347223,828305
"1501",2020,"MASSACHUSETTS","DEMOCRAT",2357809,3658005
"1502",2020,"MASSACHUSETTS","REPUBLICAN",1177765,3658005
"1503",2020,"MICHIGAN","DEMOCRAT",2734568,5479720
"1504",2020,"MICHIGAN","REPUBLICAN",2642233,5479720
"1505",2020,"MINNESOTA","REPUBLICAN",1398145,3214256
"1506",2020,"MINNESOTA","DEMOCRAT",1566522,3214256
"1507",2020,"MISSISSIPPI","DEMOCRAT",578691,1311354
"1508",2020,"MISSISSIPPI","REPUBLICAN",709511,1311354
"1509",2020,"MONTANA","DEMOCRAT",272463,605637
"1510",2020,"MONTANA","REPUBLICAN",333174,605637
"1511",2020,"NEBRASKA","REPUBLICAN",583507,930012
"1512",2020,"NEBRASKA","DEMOCRAT",227191,930012
"1513",2020,"NEW HAMPSHIRE","REPUBLICAN",326229,795914
"1514",2020,"NEW HAMPSHIRE","DEMOCRAT",450778,795914
"1515",2020,"NEW JERSEY","DEMOCRAT",2541178,4440440
"1516",2020,"NEW JERSEY","REPUBLICAN",1817052,4440440
"1517",2020,"NEW MEXICO","REPUBLICAN",418483,917237
"1518",2020,"NEW MEXICO","DEMOCRAT",474483,917237
"1519",2020,"NORTH CAROLINA","REPUBLICAN",2665598,5474952
"1520",2020,"NORTH CAROLINA","DEMOCRAT",2569965,5474952
"1521",2020,"OKLAHOMA","REPUBLICAN",979140,1556361
"1522",2020,"OKLAHOMA","DEMOCRAT",509763,1556361
"1523",2020,"OREGON","REPUBLICAN",912814,2321249
"1524",2020,"OREGON","DEMOCRAT",1321047,2321249
"1525",2020,"RHODE ISLAND","DEMOCRAT",328574,494262
"1526",2020,"RHODE ISLAND","REPUBLICAN",164855,494262
"1527",2020,"SOUTH CAROLINA","REPUBLICAN",1369137,2515104
"1528",2020,"SOUTH CAROLINA","DEMOCRAT",1110828,2515104
"1529",2020,"TENNESSEE","REPUBLICAN",1840926,2959761
"1530",2020,"TENNESSEE","DEMOCRAT",1040691,2959761
"1531",2020,"TEXAS","REPUBLICAN",5962983,11144040
"1532",2020,"TEXAS","DEMOCRAT",4888764,11144040
"1533",2020,"VIRGINIA","DEMOCRAT",2466500,4405087
"1534",2020,"VIRGINIA","REPUBLICAN",1934199,4405087
"1535",2020,"WEST VIRGINIA","REPUBLICAN",547454,778918
"1536",2020,"WEST VIRGINIA","DEMOCRAT",210309,778918
